-- phpMyAdmin SQL Dump
-- version 5.0.4deb2+deb11u1
-- https://www.phpmyadmin.net/
--
-- Host: localhost
-- Generation Time: Dec 25, 2023 at 11:20 AM
-- Server version: 10.5.21-MariaDB-0+deb11u1
-- PHP Version: 7.4.33

SET SQL_MODE = "NO_AUTO_VALUE_ON_ZERO";
START TRANSACTION;
SET time_zone = "+00:00";


/*!40101 SET @OLD_CHARACTER_SET_CLIENT=@@CHARACTER_SET_CLIENT */;
/*!40101 SET @OLD_CHARACTER_SET_RESULTS=@@CHARACTER_SET_RESULTS */;
/*!40101 SET @OLD_COLLATION_CONNECTION=@@COLLATION_CONNECTION */;
/*!40101 SET NAMES utf8mb4 */;

--
-- Database: `nikosdrosakisgr`
--
CREATE DATABASE IF NOT EXISTS `nikosdrosakisgr` DEFAULT CHARACTER SET utf8mb4 COLLATE utf8mb4_general_ci;
USE `nikosdrosakisgr`;

-- --------------------------------------------------------

--
-- Table structure for table `cat`
--

CREATE TABLE `cat` (
  `id` int(11) UNSIGNED NOT NULL,
  `uid` int(11) UNSIGNED NOT NULL,
  `name` varchar(200) NOT NULL,
  `created` int(11) UNSIGNED NOT NULL DEFAULT 0
) ENGINE=InnoDB DEFAULT CHARSET=utf8 COLLATE=utf8_general_ci;

--
-- RELATIONSHIPS FOR TABLE `cat`:
--   `uid`
--       `user` -> `id`
--

--
-- Dumping data for table `cat`
--

INSERT INTO `cat` (`id`, `uid`, `name`, `created`) VALUES
(1, 1, 'Παιδιά', 0),
(2, 1, 'Καλλιόπη', 0),
(3, 1, 'Τέχνη', 1563538032);

-- --------------------------------------------------------

--
-- Table structure for table `globs`
--

CREATE TABLE `globs` (
  `id` smallint(5) UNSIGNED NOT NULL,
  `name` varchar(200) NOT NULL,
  `en` text DEFAULT NULL,
  `tag` varchar(20) DEFAULT NULL,
  `status` tinyint(1) UNSIGNED NOT NULL DEFAULT 0,
  `type` varchar(50) DEFAULT NULL,
  `permit` varchar(50) DEFAULT NULL
) ENGINE=InnoDB DEFAULT CHARSET=utf8 COLLATE=utf8_general_ci;

--
-- RELATIONSHIPS FOR TABLE `globs`:
--

--
-- Dumping data for table `globs`
--

INSERT INTO `globs` (`id`, `name`, `en`, `tag`, `status`, `type`, `permit`) VALUES
(3, 'domain-version', '2', 'sys', 0, '', ''),
(4, 'google_tag_manager', 'this%20is%20the%20google', 'google', 0, '', ''),
(5, 'site_mail', 'info@drosakis.com', 'mail', 0, '', ''),
(34, 'copyright', 'KOsas', 'pvar', 0, 'html', ''),
(35, 'twitter', 'https://twitter.com/NikosDrosakis', 'link', 0, 'url', ''),
(36, 'facebook', 'https://www.facebook.com/ndrosakis', 'link', 0, 'url', ''),
(37, 'github', 'https://github.com/NikDrosakis', 'link', 0, 'url', ''),
(38, 'username', 'mail.drosakis.com', 'mail', 0, '', ''),
(39, 'password', 'Nikos.', 'mail', 0, '', ''),
(40, 'SMTPSecure', 'tls', 'mail', 0, '', ''),
(41, 'addAddress', 'drosakis@gaiasys.com', 'mail', 0, '', ''),
(42, 'addAddressName', 'Nikos Drosakis', 'mail', 0, '', ''),
(43, 'addCC', 'mail.gaiasys.com', 'mail', 0, '', ''),
(44, 'addBCC', 'mail.gaiasys.com', 'mail', 0, '', ''),
(45, 'analytics_id', 'UA-48757242-1', 'google', 0, '', ''),
(46, 'redisdb', '1', 'sys', 0, '', ''),
(50, 'dash_color_comb', '4', 'sys', 0, '', ''),
(51, 'title', 'Nikos%20Drosakis', 'pvar', 0, 'text', ''),
(52, 'pagin', '10', 'public', 0, '', ''),
(53, 'meta_title_en', 'Gaia%20System', 'meta', 0, '', ''),
(54, 'description', 'The%20audiobooks%20official%20website', 'pvar', 0, 'text', ''),
(55, 'system_level', '1', 'sys', 0, '', ''),
(56, 'active_modules', '%5B', 'sys', 0, '', ''),
(57, 'active_pages', '%5Bnull%2C', 'sys', 0, '', ''),
(66, 'active_langs', '%5B', 'sys', 0, '', ''),
(74, 'aaa-size', '1', 'template', 0, '', ''),
(75, 'aaa-bg', 'black', 'template', 0, '', ''),
(76, 'aaa', '1', 'ui', 0, '', ''),
(77, 'redis_status', '1', 'sys', 0, '', ''),
(78, 'seokeywords', 'Nikos%2C%20Drosakis%2C%20acting%2C%20directing%2C%20poetry%2C%20writing%2C%20programming%2C%20%CE%9D%CE%AF%CE%BA%CE%BF%CF%82%20%CE%94%CF%81%CE%BF%CF%83%CE%AC%CE%BA%CE%B7%CF%82%2C%20%CF%83%CE%BA%CE%B7%CE%BD%CE%BF%CE%B8%CE%B5%CF%83%CE%AF%CE%B1%2C%20%CE%B7%CE%B8%CE%BF%CF%80%CE%BF%CE%B9%CF%8C%CF%82%2C%20%CE%BA%CE%B9%CE%BD%CE%B7%CE%BC%CE%B1%CF%84%CE%BF%CE%B3%CF%81%CE%AC%CF%86%CE%BF%CF%82%2C%20%CE%B8%CE%AD%CE%B1%CF%84%CF%81%CE%BF%2C%20%CF%80%CE%BF%CE%AF%CE%B7%CF%83%CE%B7', 'seo', 0, 'text', ''),
(80, 'seodescription', '%CE%9D%CE%AF%CE%BA%CE%BF%CF%82%20%CE%94%CF%81%CE%BF%CF%83%CE%AC%CE%BA%CE%B7%CF%82%20%CE%B1%CF%83%CF%87%CE%BF%CE%BB%CE%B5%CE%AF%CF%84%CE%B1%CE%B9%20%CE%BC%CE%B5%20%CF%84%CE%B7%20%CF%83%CE%BA%CE%B7%CE%BD%CE%BF%CE%B8%CE%B5%CF%83%CE%AF%CE%B1%2C%20%CF%80%CE%BF%CE%AF%CE%B7%CF%83%CE%B7%2C%20%CF%85%CF%80%CE%BF%CE%BA%CF%81%CE%B9%CF%84%CE%B9%CE%BA%CE%AE%20%CF%83%CF%84%CE%BF%20%CE%B8%CE%AD%CE%B1%CF%84%CF%81%CE%BF%20%CE%BA%CE%B1%CE%B9%20%CF%83%CF%84%CE%BF%CE%BD%20%CE%BA%CE%B9%CE%BD%CE%B7%CE%BC%CE%B1%CF%84%CE%BF%CE%B3%CF%81%CE%AC%CF%86%CE%BF', 'seo', 0, 'text', ''),
(81, 'system-version', '0155', 'sys', 0, '', ''),
(82, 'lang_primary', 'en', 'local', 0, '', ''),
(83, 'bgimg', 'https%3A%2F%2Fscontent.fath6-1.fna.fbcdn.net%2Fv%2Ft1.0-9%2F61155773_10218553843812959_7617648790408790016_n.jpg%3F_nc_cat%3D108%26_nc_ohc%3DIlFiqZRgEWYAQnrNnBzz2BxWFip3QDF-PZW_3orc_bX9CvrvyRWWPBMgA%26_nc_ht%3Dscontent.fath6-1.fna%26oh%3D9c085c6c81b211b9cebc7ae61df92b44%26oe%3D5EA6D034', 'pvar', 0, 'img', ''),
(84, 'subtitle', 'book%2Cradio%2Caudiobooks', 'pvar', 0, 'text', ''),
(234, 'template-version', '0.8', 'version', 0, 'read', ''),
(235, 'system_version', '0.73', 'version', 0, 'read', ''),
(236, 'template_active', 'nikos', 'version', 0, 'read', ''),
(238, 'logo', 'https://gaiacms.nikosdrosakis.gr/media/nikos.jpg', 'pvar', 0, 'img', NULL),
(239, 'topimg', 'https%3A%2F%2Fscontent.fath7-1.fna.fbcdn.net%2Fv%2Ft31.0-8%2Fp960x960%2F23926338_10214216454580939_4001944428661364103_o.jpg%3F_nc_cat%3D111%26_nc_ohc%3DKodF8F04w-cAX9u_2MX%26_nc_ht%3Dscontent.fath7-1.fna%26_nc_tp%3D1002%26oh%3D83baeb398140d8c4946c865450128c9d%26oe%3D5E906649', 'pvar', 0, 'img', NULL),
(240, 'google_site_verification', '+nxGUDJ4QpAZ5l9Bsjdi102tLVC21AIh5d1Nl23908vVuFHs34=', 'google', 0, 'text', NULL),
(241, 'bio', 'Acting%20%26%20Drama%20graduate%20at%202003%20%26%20Camera%2FLights%20at%202008.%20Directed%20two%20short%20films%20(Timor%20Mortis%2C%202008%20%26%20The%20garbage%20saints%2C%202020)%2C%20one%20feature%20documentary%20(The%20little%20others%2C%202011)%20with%20Official%20Selections%20at%3A%20the%20Drama%20Festival%20(2009)%2C%20Thessaloniki%20Documentary%20(2011)%20and%20Docfest%20Chalkida%20(2011).%20Also%20directed%20the%20documentary%20%22The%20art%20of%20uniqueness%22%20for%20ERT2%20(Greek%20television).%20%0A%3Cbr%20%2F%3ETen%20years%20as%20a%20stage%20actor%2C%20director%20and%20playwright%2C%20he%20has%20recently%20published%20the%20poetry%20collection%20%22Inclusion%20of%20Dream%22.', 'local', 0, 'textarea', NULL),
(242, 'fb_app_id', '872746866595086', 'meta', 0, 'text', NULL),
(243, 'biogr', '%CE%9F%20%CE%9D%CE%AF%CE%BA%CE%BF%CF%82%20%CE%94%CF%81%CE%BF%CF%83%CE%AC%CE%BA%CE%B7%CF%82%20%CE%B3%CE%B5%CE%BD%CE%BD%CE%AE%CE%B8%CE%B7%CE%BA%CE%B5%20%CF%83%CF%84%CE%B7%CE%BD%20%CE%91%CE%B8%CE%AE%CE%BD%CE%B1.%20%CE%91%CF%80%CF%8C%CF%86%CE%BF%CE%B9%CF%84%CE%BF%CF%82%20%CE%94%CF%81%CE%B1%CE%BC%CE%B1%CF%84%CE%B9%CE%BA%CE%AE%CF%82%20%CE%A3%CF%87%CE%BF%CE%BB%CE%AE%CF%82%20%CF%84%CE%BF%202003%20%CE%BA%CE%B1%CE%B9%20%CE%95%CE%B9%CE%BA%CE%BF%CE%BD%CE%BF%CE%BB%CE%B7%CF%88%CE%AF%CE%B1%CF%82%20%CF%84%CE%BF%202008.%20%CE%95%CF%81%CE%B3%CE%AC%CE%B6%CE%B5%CF%84%CE%B1%CE%B9%20%CF%83%CF%84%CE%BF%20%CE%B8%CE%AD%CE%B1%CF%84%CF%81%CE%BF%20%CF%89%CF%82%20%CE%B7%CE%B8%CE%BF%CF%80%CE%BF%CE%B9%CF%8C%CF%82%2C%20%CF%83%CF%85%CE%B3%CE%B3%CF%81%CE%B1%CF%86%CE%AD%CE%B1%CF%82%20%CE%BA%CE%B1%CE%B9%20%CF%83%CE%BA%CE%B7%CE%BD%CE%BF%CE%B8%CE%AD%CF%84%CE%B7%CF%82.%20%CE%9F%CE%B9%20%CE%B8%CE%B5%CE%AC%CF%84%CF%81%CE%B9%CE%BA%CE%AD%CF%82%20%CE%B4%CE%B9%CE%B1%CF%83%CE%BA%CE%B5%CF%85%CE%AD%CF%82%20%CF%84%CE%BF%CF%85%3A%20%CE%A4%CE%BF%CE%BC%20%CE%A3%CF%8E%CE%B3%CE%B5%CF%81%2C%20%CE%A3%CE%BA%CF%81%CE%BF%CF%85%CF%84%CE%B6%2C%20%CE%A0%CE%B1%CF%81%CE%B1%CE%BC%CF%8D%CE%B8%CE%B9%20%CF%87%CF%89%CF%81%CE%AF%CF%82%20%CE%8C%CE%BD%CE%BF%CE%BC%CE%B1%20%CE%BA%CE%B1%CE%B9%20%CE%92%CE%B1%CF%83%CE%AF%CE%BB%CE%B9%CF%83%CF%83%CE%B1%20%CF%84%CE%BF%CF%85%20%CE%A7%CE%B9%CE%BF%CE%BD%CE%B9%CE%BF%CF%8D%20%CE%AD%CF%87%CE%BF%CF%85%CE%BD%20%CF%80%CE%B1%CF%81%CE%B1%CF%83%CF%84%CE%B1%CE%B8%CE%B5%CE%AF%20%CF%83%CF%84%CE%BF%20%CE%9D%CE%AD%CE%BF%20%CE%98%CE%AD%CE%B1%CF%84%CF%81%CE%BF%20%CE%98%CE%B5%CF%83%2F%CE%BD%CE%AF%CE%BA%CE%B7%CF%82%2C%20%CF%84%CE%BF%20%CE%94%CE%97%CE%A0%CE%95%CE%98%CE%95%20%CE%92%CF%8C%CE%BB%CE%BF%CF%85%2C%20%CF%84%CE%B7%CE%BD%20%CE%A0%CE%B5%CE%B9%CF%81%CE%B1%CE%BC%CE%B1%CF%84%CE%B9%CE%BA%CE%AE%20%CE%A3%CE%BA%CE%B7%CE%BD%CE%AE%20%CE%9A%CE%B1%CE%BC%CE%B1%CE%BB%CE%AC%CF%84%CE%B1%CF%82%20%CE%BA%CE%B1%CE%B9%20%CE%B1%CF%80%CF%8C%20%CF%84%CE%B7%CE%BD%20%20Artes%20Mundi.%20%CE%88%CF%87%CE%B5%CE%B9%20%CF%83%CE%BA%CE%B7%CE%BD%CE%BF%CE%B8%CE%B5%CF%84%CE%AE%CF%83%CE%B5%CE%B9%20%CE%BC%CE%AF%CE%B1%20%CF%84%CE%B1%CE%B9%CE%BD%CE%AF%CE%B1%20%CE%BC%CF%85%CE%B8%CE%BF%CF%80%CE%BB%CE%B1%CF%83%CE%AF%CE%B1%CF%82%20%CE%BC%CE%B9%CE%BA%CF%81%CE%BF%CF%8D%20%CE%BC%CE%AE%CE%BA%CE%BF%CF%85%CF%82%20%CE%BA%CE%B1%CE%B9%20%CF%84%CF%81%CE%AF%CE%B1%20%CE%BD%CF%84%CE%BF%CE%BA%CE%B9%CE%BC%CE%B1%CE%BD%CF%84%CE%AD%CF%81%2C%20%CE%BC%CE%B5%20%CF%83%CF%85%CE%BC%CE%BC%CE%B5%CF%84%CE%BF%CF%87%CE%AD%CF%82%20%CF%83%CF%84%CE%B1%20%CE%A6%CE%B5%CF%83%CF%84%CE%B9%CE%B2%CE%AC%CE%BB%20%CE%94%CF%81%CE%AC%CE%BC%CE%B1%CF%82%2C%20%CE%A7%CE%B1%CE%BB%CE%BA%CE%AF%CE%B4%CE%B1%CF%82%20%CE%BA%CE%B1%CE%B9%20%CE%98%CE%B5%CF%83%CF%83%CE%B1%CE%BB%CE%BF%CE%BD%CE%AF%CE%BA%CE%B7%CF%82.%20%CE%91%CF%85%CF%84%CE%BF%CE%B4%CE%AF%CE%B4%CE%B1%CE%BA%CF%84%CE%BF%CF%82%20%CE%B3%CE%BD%CF%8E%CF%83%CF%84%CE%B7%CF%82%20%CE%B3%CE%BB%CF%89%CF%83%CF%83%CF%8E%CE%BD%20%CF%80%CF%81%CE%BF%CE%B3%CF%81%CE%B1%CE%BC%CE%BC%CE%B1%CF%84%CE%B9%CF%83%CE%BC%CE%BF%CF%8D%20%CE%B4%CF%81%CE%B1%CF%83%CF%84%CE%B7%CF%81%CE%B9%CE%BF%CF%80%CE%BF%CE%B9%CE%B5%CE%AF%CF%84%CE%B1%CE%B9%20%CE%BA%CE%B1%CE%B9%20%CF%89%CF%82%20%CF%80%CF%81%CE%BF%CE%B3%CF%81%CE%B1%CE%BC%CE%BC%CE%B1%CF%84%CE%B9%CF%83%CF%84%CE%AE%CF%82.%20H%20%CF%80%CF%81%CF%8E%CF%84%CE%B7%20%CF%80%CE%BF%CE%B9%CE%B7%CF%84%CE%B9%CE%BA%CE%AE%20%CF%83%CF%85%CE%BB%CE%BB%CE%BF%CE%B3%CE%AE%20%CF%84%CE%BF%CF%85%2C%20%22%CE%B5%CE%B3%CE%BA%CE%BB%CE%B5%CE%B9%CF%83%CE%BC%CF%8C%CF%82%20%CE%BF%CE%BD%CE%B5%CE%AF%CF%81%CE%BF%CF%85%22%20%CE%B5%CE%BA%CE%B4%CF%8C%CE%B8%CE%B7%CE%BA%CE%B5%20%CF%84%CE%BF%CE%BD%20%CE%99%CE%BF%CF%8D%CE%BB%CE%B9%CE%BF%202020%20%CE%B1%CF%80%CF%8C%20%CF%84%CE%B9%CF%82%20%CE%B5%CE%BA%CE%B4%CF%8C%CF%83%CE%B5%CE%B9%CF%82%20%CE%95%CF%8D%CE%BC%CE%B1%CF%81%CE%BF%CF%82.', 'local', 0, 'textarea', NULL),
(244, 'web_authorgr', '%CE%9D%CE%AF%CE%BA%CE%BF%CF%82%20%CE%94%CF%81%CE%BF%CF%83%CE%AC%CE%BA%CE%B7%CF%82', 'local', 0, 'text', NULL),
(245, 'web_author', 'Nikos Drosakis', 'local', 0, 'text', NULL),
(246, 'this_version', '1', 'version', 1, NULL, NULL);

-- --------------------------------------------------------

--
-- Table structure for table `media`
--

CREATE TABLE `media` (
  `id` int(10) UNSIGNED NOT NULL,
  `uid` int(10) UNSIGNED NOT NULL,
  `filename` varchar(300) NOT NULL,
  `camera` varchar(200) DEFAULT NULL,
  `description` text DEFAULT NULL,
  `location` varchar(400) DEFAULT NULL,
  `cat` int(10) UNSIGNED NOT NULL DEFAULT 0,
  `taken` int(10) UNSIGNED NOT NULL DEFAULT 0,
  `takend` char(10) DEFAULT NULL,
  `created` int(10) UNSIGNED NOT NULL DEFAULT 0
) ENGINE=InnoDB DEFAULT CHARSET=utf8 COLLATE=utf8_general_ci;

--
-- RELATIONSHIPS FOR TABLE `media`:
--   `cat`
--       `cat` -> `id`
--

--
-- Dumping data for table `media`
--

INSERT INTO `media` (`id`, `uid`, `filename`, `camera`, `description`, `location`, `cat`, `taken`, `takend`, `created`) VALUES
(36, 1, 'mymobile_021jpg.jpg', 'SAMSUNG-SM-G110H', NULL, '', 1, 1433269026, '2015-06-02', 1562320125),
(37, 1, 'mymobile_028jpg.jpg', 'SAMSUNG-SM-G110H', NULL, '', 1, 1439790162, '2015-08-17', 1562320127),
(38, 1, '20171015_160841.jpg', 'SAMSUNG-SM-G361F', NULL, NULL, 1, 1508072919, '2017-10-15', 1562320372),
(39, 1, '20171015_160909.jpg', 'SAMSUNG-SM-G361F', NULL, NULL, 1, 1508072948, '2017-10-15', 1562320373),
(40, 1, '20171015_160631.jpg', 'SAMSUNG-SM-G361F', NULL, '', 1, 1508072790, '2017-10-15', 1562320377),
(41, 1, '20171015_160740.jpg', 'SAMSUNG-SM-G361F', NULL, NULL, 1, 1508072858, '2017-10-15', 1562320379),
(42, 1, '20171015_160915.jpg', 'SAMSUNG-SM-G361F', NULL, NULL, 1, 1508072954, '2017-10-15', 1562320380),
(43, 1, '20171015_160651.jpg', 'SAMSUNG-SM-G361F', NULL, NULL, 1, 1508072809, '2017-10-15', 1562320384),
(44, 1, '20171015_160743.jpg', 'SAMSUNG-SM-G361F', NULL, NULL, 1, 1508072862, '2017-10-15', 1562320388),
(45, 1, '20171015_160747.jpg', 'SAMSUNG-SM-G361F', NULL, NULL, 1, 1508072866, '2017-10-15', 1562320389),
(46, 1, '20171015_160808.jpg', 'SAMSUNG-SM-G361F', NULL, NULL, 1, 1508072888, '2017-10-15', 1562320391),
(47, 1, '20171015_160814.jpg', 'SAMSUNG-SM-G361F', NULL, NULL, 1, 1508072893, '2017-10-15', 1562320394),
(48, 1, '20171015_160820.jpg', 'SAMSUNG-SM-G361F', NULL, NULL, 1, 1508072898, '2017-10-15', 1562320398),
(49, 1, '20171015_160834.jpg', 'SAMSUNG-SM-G361F', NULL, NULL, 1, 1508072913, '2017-10-15', 1562320399),
(50, 1, '20171015_160825.jpg', 'SAMSUNG-SM-G361F', NULL, NULL, 1, 1508072904, '2017-10-15', 1562320399),
(51, 1, '20171015_160750.jpg', 'SAMSUNG-SM-G361F', NULL, NULL, 1, 1508072869, '2017-10-15', 1562320400),
(52, 1, '20171015_160837.jpg', 'SAMSUNG-SM-G361F', NULL, NULL, 1, 1508072916, '2017-10-15', 1562320400),
(54, 1, 'IMG_4808.jpg', 'Canon Canon EOS 60D', NULL, NULL, 1, 1536499859, '2018-09-09', 1562331440),
(55, 1, 'IMG_4879.jpg', 'Canon Canon EOS 60D', NULL, NULL, 1, 1545415014, '2018-12-21', 1562335760),
(56, 1, 'IMG_4885.jpg', 'Canon Canon EOS 60D', NULL, NULL, 1, 1545415113, '2018-12-21', 1562335763),
(57, 1, 'IMG_4886.jpg', 'Canon Canon EOS 60D', NULL, NULL, 1, 1545415117, '2018-12-21', 1562335766),
(58, 1, 'IMG_20190608_222816.jpg', 'ZTE ZTE BLADE V7 LITE', NULL, NULL, 1, 1560022096, '2019-06-08', 1562335868),
(59, 1, '20181214_174851.jpg', 'samsung SM-J320FN', NULL, 'Πανδρόσου Αμφιθέα Παλαιό Φάληρο Αττική', 1, 1544802530, '2018-12-14', 1562336047),
(60, 1, '20181214_174855.jpg', 'samsung SM-J320FN', NULL, 'Πανδρόσου Αμφιθέα Παλαιό Φάληρο Αττική', 1, 1544802534, '2018-12-14', 1562336051),
(61, 1, '20181214_180053.jpg', 'samsung SM-J320FN', NULL, 'Πανδρόσου Αμφιθέα Παλαιό Φάληρο Αττική', 1, 1544803253, '2018-12-14', 1562336055),
(62, 1, '20190104_162215.jpg', 'samsung SM-J320FN', NULL, 'Ποσειδώνος Ελληνικό Δημοτική Ενότητα Ελληνικού Αττική', 1, 1546611735, '2019-01-04', 1562336166),
(63, 1, '20190104_162216.jpg', 'samsung SM-J320FN', NULL, 'Ποσειδώνος Ελληνικό Δημοτική Ενότητα Ελληνικού Αττική', 1, 1546611736, '2019-01-04', 1562336168),
(64, 1, '20190122_171051.jpg', 'samsung SM-J320FN', NULL, NULL, 1, 1548169851, '2019-01-22', 1562336170),
(65, 1, '20190122_171313.jpg', 'samsung SM-J320FN', NULL, NULL, 1, 1548169992, '2019-01-22', 1562336173),
(66, 1, '20190122_171323.jpg', 'samsung SM-J320FN', NULL, NULL, 1, 1548170002, '2019-01-22', 1562336182),
(67, 1, '20190122_171403.jpg', 'samsung SM-J320FN', NULL, NULL, 1, 1548170041, '2019-01-22', 1562336195),
(68, 1, '20181214_184155.jpg', 'samsung SM-J320FN', NULL, NULL, 1, 1544805715, '2018-12-14', 1562336197),
(69, 1, '20181214_184225.jpg', 'samsung SM-J320FN', NULL, 'Αρτέμιδος Αμφιθέα Παλαιό Φάληρο Αττική', 1, 1544805745, '2018-12-14', 1562336199),
(70, 1, '20190210_164246.jpg', 'samsung SM-J320FN', NULL, 'Καναπιτσερή Άγιος Ιωάννης Ρέντη Δημοτική Ενότητα Αγίου Ιωάννου Ρέντη Αττική', 1, 1549809766, '2019-02-10', 1562336701),
(71, 1, '20190210_164313.jpg', 'samsung SM-J320FN', NULL, 'Καναπιτσερή Άγιος Ιωάννης Ρέντη Δημοτική Ενότητα Αγίου Ιωάννου Ρέντη Αττική', 1, 1549809793, '2019-02-10', 1562336702),
(72, 1, '20190210_164316.jpg', 'samsung SM-J320FN', NULL, 'Καναπιτσερή Άγιος Ιωάννης Ρέντη Δημοτική Ενότητα Αγίου Ιωάννου Ρέντη Αττική', 1, 1549809795, '2019-02-10', 1562336703),
(73, 1, '20190210_165757.jpg', 'samsung SM-J320FN', NULL, 'Καναπιτσερή Άγιος Ιωάννης Ρέντη Δημοτική Ενότητα Αγίου Ιωάννου Ρέντη Αττική', 1, 1549810677, '2019-02-10', 1562336705),
(74, 1, '20190210_165800.jpg', 'samsung SM-J320FN', NULL, 'Καναπιτσερή Άγιος Ιωάννης Ρέντη Δημοτική Ενότητα Αγίου Ιωάννου Ρέντη Αττική', 1, 1549810680, '2019-02-10', 1562336707),
(75, 1, '20190210_165802.jpg', 'samsung SM-J320FN', NULL, 'Καναπιτσερή Άγιος Ιωάννης Ρέντη Δημοτική Ενότητα Αγίου Ιωάννου Ρέντη Αττική', 1, 1549810682, '2019-02-10', 1562336708),
(76, 1, '20190210_165804.jpg', 'samsung SM-J320FN', NULL, 'Καναπιτσερή Άγιος Ιωάννης Ρέντη Δημοτική Ενότητα Αγίου Ιωάννου Ρέντη Αττική', 1, 1549810684, '2019-02-10', 1562336710),
(77, 1, '20190210_165827.jpg', 'samsung SM-J320FN', NULL, 'Καναπιτσερή Άγιος Ιωάννης Ρέντη Δημοτική Ενότητα Αγίου Ιωάννου Ρέντη Αττική', 1, 1549810706, '2019-02-10', 1562336715),
(78, 1, '20190210_165830.jpg', 'samsung SM-J320FN', NULL, 'Καναπιτσερή Άγιος Ιωάννης Ρέντη Δημοτική Ενότητα Αγίου Ιωάννου Ρέντη Αττική', 1, 1549810709, '2019-02-10', 1562336718),
(79, 1, '20190210_113525.jpg', 'samsung SM-J320FN', NULL, 'Κωνσταντίνου Παλαιολόγου Αμφιθέα Παλαιό Φάληρο Αττική', 1, 1549791324, '2019-02-10', 1562336721),
(80, 1, '20190210_162026.jpg', 'samsung SM-J320FN', NULL, 'Καναπιτσερή Άγιος Ιωάννης Ρέντη Δημοτική Ενότητα Αγίου Ιωάννου Ρέντη Αττική', 1, 1549808426, '2019-02-10', 1562336723),
(81, 1, '20190210_162027.jpg', 'samsung SM-J320FN', NULL, 'Καναπιτσερή Άγιος Ιωάννης Ρέντη Δημοτική Ενότητα Αγίου Ιωάννου Ρέντη Αττική', 1, 1549808427, '2019-02-10', 1562336726),
(82, 1, '20190210_162044.jpg', 'samsung SM-J320FN', NULL, 'Καναπιτσερή Άγιος Ιωάννης Ρέντη Δημοτική Ενότητα Αγίου Ιωάννου Ρέντη Αττική', 1, 1549808444, '2019-02-10', 1562336728),
(83, 1, '20190210_162048.jpg', 'samsung SM-J320FN', NULL, 'Καναπιτσερή Άγιος Ιωάννης Ρέντη Δημοτική Ενότητα Αγίου Ιωάννου Ρέντη Αττική', 1, 1549808448, '2019-02-10', 1562336729),
(84, 1, '20190210_162119.jpg', 'samsung SM-J320FN', NULL, 'Καναπιτσερή Άγιος Ιωάννης Ρέντη Δημοτική Ενότητα Αγίου Ιωάννου Ρέντη Αττική', 1, 1549808479, '2019-02-10', 1562336731),
(85, 1, '20190210_162250.jpg', 'samsung SM-J320FN', NULL, 'Καναπιτσερή Άγιος Ιωάννης Ρέντη Δημοτική Ενότητα Αγίου Ιωάννου Ρέντη Αττική', 1, 1549808570, '2019-02-10', 1562336733),
(86, 1, '20190210_162252.jpg', 'samsung SM-J320FN', NULL, 'Καναπιτσερή Άγιος Ιωάννης Ρέντη Δημοτική Ενότητα Αγίου Ιωάννου Ρέντη Αττική', 1, 1549808572, '2019-02-10', 1562336735),
(87, 1, '20190210_162259.jpg', 'samsung SM-J320FN', NULL, 'Καναπιτσερή Άγιος Ιωάννης Ρέντη Δημοτική Ενότητα Αγίου Ιωάννου Ρέντη Αττική', 1, 1549808579, '2019-02-10', 1562336737),
(88, 1, '20190210_162306.jpg', 'samsung SM-J320FN', NULL, 'Καναπιτσερή Άγιος Ιωάννης Ρέντη Δημοτική Ενότητα Αγίου Ιωάννου Ρέντη Αττική', 1, 1549808586, '2019-02-10', 1562336739),
(90, 1, '20190210_162314.jpg', 'samsung SM-J320FN', NULL, 'Καναπιτσερή Άγιος Ιωάννης Ρέντη Δημοτική Ενότητα Αγίου Ιωάννου Ρέντη Αττική', 1, 1549808594, '2019-02-10', 1562336781),
(91, 1, '20190210_162825.jpg', 'samsung SM-J320FN', NULL, 'Καναπιτσερή Άγιος Ιωάννης Ρέντη Δημοτική Ενότητα Αγίου Ιωάννου Ρέντη Αττική', 1, 1549808905, '2019-02-10', 1562336783),
(92, 1, '20190210_162829.jpg', 'samsung SM-J320FN', NULL, 'Καναπιτσερή Άγιος Ιωάννης Ρέντη Δημοτική Ενότητα Αγίου Ιωάννου Ρέντη Αττική', 1, 1549808909, '2019-02-10', 1562336786),
(93, 1, '20190210_162832.jpg', 'samsung SM-J320FN', NULL, 'Καναπιτσερή Άγιος Ιωάννης Ρέντη Δημοτική Ενότητα Αγίου Ιωάννου Ρέντη Αττική', 1, 1549808912, '2019-02-10', 1562336788),
(94, 1, '20190210_164213.jpg', 'samsung SM-J320FN', NULL, 'Καναπιτσερή Άγιος Ιωάννης Ρέντη Δημοτική Ενότητα Αγίου Ιωάννου Ρέντη Αττική', 1, 1549809733, '2019-02-10', 1562336790),
(95, 1, '20190210_164214.jpg', 'samsung SM-J320FN', NULL, 'Καναπιτσερή Άγιος Ιωάννης Ρέντη Δημοτική Ενότητα Αγίου Ιωάννου Ρέντη Αττική', 1, 1549809734, '2019-02-10', 1562336792),
(96, 1, '20190210_164224.jpg', 'samsung SM-J320FN', NULL, 'Καναπιτσερή Άγιος Ιωάννης Ρέντη Δημοτική Ενότητα Αγίου Ιωάννου Ρέντη Αττική', 1, 1549809744, '2019-02-10', 1562336795),
(97, 1, '20190210_164226.jpg', 'samsung SM-J320FN', NULL, 'Καναπιτσερή Άγιος Ιωάννης Ρέντη Δημοτική Ενότητα Αγίου Ιωάννου Ρέντη Αττική', 1, 1549809746, '2019-02-10', 1562336797),
(98, 1, '20190311_104042.jpg', 'samsung SM-J320FN', NULL, 'Ποσειδώνος Αμφιθέα Παλαιό Φάληρο Αττική', 1, 1552293642, '2019-03-11', 1562336901),
(100, 1, '20190210_170645.jpg', 'samsung SM-J320FN', NULL, 'Καναπιτσερή Άγιος Ιωάννης Ρέντη Δημοτική Ενότητα Αγίου Ιωάννου Ρέντη Αττική', 1, 1549811205, '2019-02-10', 1562336906),
(101, 1, '20190311_104021.jpg', 'samsung SM-J320FN', NULL, 'Ποσειδώνος Αμφιθέα Παλαιό Φάληρο Αττική', 1, 1552293621, '2019-03-11', 1562336908),
(102, 1, '20190311_104031.jpg', 'samsung SM-J320FN', NULL, 'Ποσειδώνος Αμφιθέα Παλαιό Φάληρο Αττική', 1, 1552293631, '2019-03-11', 1562336910),
(103, 1, '20190311_104036.jpg', 'samsung SM-J320FN', NULL, 'Ποσειδώνος Αμφιθέα Παλαιό Φάληρο Αττική', 1, 1552293636, '2019-03-11', 1562336912),
(104, 1, '20190317_152734.jpg', 'samsung SM-J320FN', NULL, 'Ποσειδώνος Καλαμάκι  Αττική', 1, 1552829254, '2019-03-17', 1562337058),
(106, 1, '20190317_152737.jpg', 'samsung SM-J320FN', NULL, 'Ποσειδώνος Καλαμάκι  Αττική', 1, 1552829257, '2019-03-17', 1562337061),
(107, 1, '20190317_152739.jpg', 'samsung SM-J320FN', NULL, 'Ποσειδώνος Καλαμάκι  Αττική', 1, 1552829258, '2019-03-17', 1562337063),
(108, 1, '20190317_152743.jpg', 'samsung SM-J320FN', NULL, 'Ποσειδώνος Καλαμάκι  Αττική', 1, 1552829263, '2019-03-17', 1562337065),
(109, 1, '20190317_153822.jpg', 'samsung SM-J320FN', NULL, 'Ποσειδώνος Καλαμάκι  Αττική', 1, 1552829901, '2019-03-17', 1562337067),
(110, 1, '20190317_153839.jpg', 'samsung SM-J320FN', NULL, 'Ποσειδώνος Καλαμάκι  Αττική', 1, 1552829918, '2019-03-17', 1562337070),
(111, 1, '20190317_154833.jpg', 'samsung SM-J320FN', NULL, 'Ποσειδώνος Καλαμάκι  Αττική', 1, 1552830512, '2019-03-17', 1562337072),
(112, 1, '20190317_154840.jpg', 'samsung SM-J320FN', NULL, 'Ποσειδώνος Καλαμάκι  Αττική', 1, 1552830517, '2019-03-17', 1562337074),
(113, 1, '20190317_160110.jpg', 'samsung SM-J320FN', NULL, 'Ποσειδώνος Καλαμάκι  Αττική', 1, 1552831269, '2019-03-17', 1562337076),
(114, 1, '20190317_160211.jpg', 'samsung SM-J320FN', NULL, 'Ποσειδώνος Καλαμάκι  Αττική', 1, 1552831330, '2019-03-17', 1562337083),
(115, 1, '20190317_160220.jpg', 'samsung SM-J320FN', NULL, 'Ποσειδώνος Καλαμάκι  Αττική', 1, 1552831340, '2019-03-17', 1562337086),
(116, 1, '20190317_160222.jpg', 'samsung SM-J320FN', NULL, 'Ποσειδώνος Καλαμάκι  Αττική', 1, 1552831341, '2019-03-17', 1562337089),
(118, 1, '20190311_131631.jpg', 'samsung SM-J320FN', NULL, 'Αχιλλέως  Καλλιθέα Αττική', 1, 1552302989, '2019-03-11', 1562337095),
(119, 1, '20190311_131640.jpg', 'samsung SM-J320FN', NULL, 'Αχιλλέως  Καλλιθέα Αττική', 1, 1552302998, '2019-03-11', 1562337099),
(120, 1, '20190311_131647.jpg', 'samsung SM-J320FN', NULL, 'Αχιλλέως  Καλλιθέα Αττική', 1, 1552303005, '2019-03-11', 1562337102),
(121, 1, '20190311_131653.jpg', 'samsung SM-J320FN', NULL, 'Αχιλλέως  Καλλιθέα Αττική', 1, 1552303011, '2019-03-11', 1562337106),
(122, 1, '20190311_131951.jpg', 'samsung SM-J320FN', NULL, 'Σοφοκλέους  Καλλιθέα Αττική', 1, 1552303188, '2019-03-11', 1562337109),
(123, 1, '20190311_131958.jpg', 'samsung SM-J320FN', NULL, 'Σοφοκλέους  Καλλιθέα Αττική', 1, 1552303196, '2019-03-11', 1562337115),
(124, 1, '20190311_132018.jpg', 'samsung SM-J320FN', NULL, 'Σοφοκλέους  Καλλιθέα Αττική', 1, 1552303217, '2019-03-11', 1562337118),
(125, 1, '20190325_184407.jpg', 'samsung SM-J320FN', NULL, NULL, 1, 1553532247, '2019-03-25', 1562337181),
(126, 1, '20190325_184424.jpg', 'samsung SM-J320FN', NULL, NULL, 1, 1553532264, '2019-03-25', 1562337182),
(127, 1, '20190325_184426.jpg', 'samsung SM-J320FN', 'τραμπάλα με τον ξάδελφο', NULL, 1, 1553532266, '2019-03-25', 1562337184),
(128, 1, '20190325_184329.jpg', 'samsung SM-J320FN', NULL, NULL, 1, 1553532209, '2019-03-25', 1562337185),
(129, 1, '20190325_184334.jpg', 'samsung SM-J320FN', NULL, NULL, 1, 1553532214, '2019-03-25', 1562337187),
(130, 1, '20190325_184352.jpg', 'samsung SM-J320FN', NULL, NULL, 1, 1553532232, '2019-03-25', 1562337189),
(131, 1, '20190414_125446.jpg', 'samsung SM-J320FN', NULL, ' Αμφιθέα Παλαιό Φάληρο Αττική', 1, 1555235685, '2019-04-14', 1562337226),
(132, 1, '20190414_125449.jpg', 'samsung SM-J320FN', NULL, ' Αμφιθέα Παλαιό Φάληρο Αττική', 1, 1555235688, '2019-04-14', 1562337228),
(133, 1, '20190414_125457.jpg', 'samsung SM-J320FN', NULL, ' Αμφιθέα Παλαιό Φάληρο Αττική', 1, 1555235696, '2019-04-14', 1562337231),
(134, 1, '20190414_125510.jpg', 'samsung SM-J320FN', NULL, ' Αμφιθέα Παλαιό Φάληρο Αττική', 1, 1555235709, '2019-04-14', 1562337234),
(135, 1, '20190414_125518.jpg', 'samsung SM-J320FN', NULL, ' Αμφιθέα Παλαιό Φάληρο Αττική', 1, 1555235717, '2019-04-14', 1562337236),
(136, 1, '20190414_125520.jpg', 'samsung SM-J320FN', NULL, ' Αμφιθέα Παλαιό Φάληρο Αττική', 1, 1555235719, '2019-04-14', 1562337238),
(137, 1, '20190414_125536.jpg', 'samsung SM-J320FN', NULL, ' Αμφιθέα Παλαιό Φάληρο Αττική', 1, 1555235736, '2019-04-14', 1562337241),
(138, 1, '20190414_125545.jpg', 'samsung SM-J320FN', NULL, ' Αμφιθέα Παλαιό Φάληρο Αττική', 1, 1555235744, '2019-04-14', 1562337243),
(139, 1, '20190414_125557.jpg', 'samsung SM-J320FN', NULL, ' Αμφιθέα Παλαιό Φάληρο Αττική', 1, 1555235756, '2019-04-14', 1562337246),
(140, 1, '20190414_125610.jpg', 'samsung SM-J320FN', 'δέντρο αγαπημένο', ' Αμφιθέα Παλαιό Φάληρο Αττική', 1, 1555235769, '2019-04-14', 1562337249),
(141, 1, '20190405_182038.jpg', 'samsung SM-J320FN', NULL, 'Ορφέως Αμφιθέα Παλαιό Φάληρο Αττική', 1, 1554477636, '2019-04-05', 1562337252),
(142, 1, '20190411_171454.jpg', 'samsung SM-J320FN', NULL, 'Αγίου Δημητρίου Άγιος Δημήτριος  Αττική', 1, 1554992092, '2019-04-11', 1562337254),
(143, 1, '20190411_171520.jpg', 'samsung SM-J320FN', NULL, 'Αγίου Δημητρίου Άγιος Δημήτριος  Αττική', 1, 1554992119, '2019-04-11', 1562337256),
(144, 1, '20190411_171529.jpg', 'samsung SM-J320FN', 'αναμονή εργοθεραπείας', 'Αγίου Δημητρίου Άγιος Δημήτριος  Αττική', 1, 1554992128, '2019-04-11', 1562337259),
(145, 1, '20190414_122717.jpg', 'samsung SM-J320FN', 'ανάσα στο δέντρο', ' Αμφιθέα Παλαιό Φάληρο Αττική', 1, 1555234035, '2019-04-14', 1562337261),
(146, 1, '20190414_125359.jpg', 'samsung SM-J320FN', NULL, ' Αμφιθέα Παλαιό Φάληρο Αττική', 1, 1555235637, '2019-04-14', 1562337264),
(147, 1, '20190414_125443.jpg', 'samsung SM-J320FN', NULL, ' Αμφιθέα Παλαιό Φάληρο Αττική', 1, 1555235682, '2019-04-14', 1562337267),
(148, 1, '20190422_182933.jpg', 'samsung SM-J320FN', 'έτοιμη για αναχώρηση', 'Δημοκρατίας Αμφιθέα Παλαιό Φάληρο Αττική', 1, 1555946973, '2019-04-22', 1562337323),
(149, 1, '20190422_183001.jpg', 'samsung SM-J320FN', NULL, 'Δημοκρατίας Αμφιθέα Παλαιό Φάληρο Αττική', 1, 1555947001, '2019-04-22', 1562337324),
(150, 1, '20190422_183040.jpg', 'samsung SM-J320FN', 'φωτο για τους παππούδες', 'Δημοκρατίας Αμφιθέα Παλαιό Φάληρο Αττική', 1, 1555947040, '2019-04-22', 1562337325),
(151, 1, '20190426_095214.jpg', 'samsung SM-J320FN', NULL, '   Κρήτη', 1, 1556261534, '2019-04-26', 1562337327),
(152, 1, '20190426_095229.jpg', 'samsung SM-J320FN', NULL, '   Κρήτη', 1, 1556261549, '2019-04-26', 1562337328),
(153, 1, '20190426_095239.jpg', 'samsung SM-J320FN', NULL, '   Κρήτη', 1, 1556261559, '2019-04-26', 1562337330),
(154, 1, '20190426_095519.jpg', 'samsung SM-J320FN', NULL, '   Κρήτη', 1, 1556261719, '2019-04-26', 1562337332),
(155, 1, '20190426_095521.jpg', 'samsung SM-J320FN', NULL, '   Κρήτη', 1, 1556261721, '2019-04-26', 1562337333),
(156, 1, '20190426_123025.jpg', 'samsung SM-J320FN', NULL, 'E4   Κρήτη', 1, 1556271025, '2019-04-26', 1562337335),
(157, 1, '20190426_123045.jpg', 'samsung SM-J320FN', NULL, 'E4   Κρήτη', 1, 1556271045, '2019-04-26', 1562337337),
(158, 1, '20190426_123101.jpg', 'samsung SM-J320FN', NULL, 'E4   Κρήτη', 1, 1556271061, '2019-04-26', 1562337338),
(159, 1, '20190426_123102.jpg', 'samsung SM-J320FN', NULL, 'E4   Κρήτη', 1, 1556271062, '2019-04-26', 1562337340),
(160, 1, '20190426_130150.jpg', 'samsung SM-J320FN', 'κούνιες αρκάδι πατίνι χωρίς τέλος', '   Κρήτη', 1, 1556272910, '2019-04-26', 1562337341),
(161, 1, '20190427_121722.jpg', 'samsung SM-J320FN', NULL, 'E4   Κρήτη', 1, 1556356641, '2019-04-27', 1562337386),
(162, 1, '20190427_121739.jpg', 'samsung SM-J320FN', NULL, 'E4   Κρήτη', 1, 1556356658, '2019-04-27', 1562337387),
(163, 1, '20190427_194020.jpg', 'samsung SM-J320FN', NULL, '   Κρήτη', 1, 1556383219, '2019-04-27', 1562337389),
(164, 1, '20190427_194520.jpg', 'samsung SM-J320FN', NULL, '   Κρήτη', 1, 1556383520, '2019-04-27', 1562337390),
(165, 1, '20190427_195214.jpg', 'samsung SM-J320FN', NULL, '   Κρήτη', 1, 1556383934, '2019-04-27', 1562337423),
(166, 1, '20190427_195332.jpg', 'samsung SM-J320FN', NULL, '   Κρήτη', 1, 1556384011, '2019-04-27', 1562337425),
(167, 1, '20190427_195833.jpg', 'samsung SM-J320FN', NULL, '   Κρήτη', 1, 1556384313, '2019-04-27', 1562337427),
(168, 1, '20190427_200509.jpg', 'samsung SM-J320FN', NULL, '   Κρήτη', 1, 1556384707, '2019-04-27', 1562337429),
(169, 1, '20190427_200849.jpg', 'samsung SM-J320FN', NULL, '   Κρήτη', 1, 1556384928, '2019-04-27', 1562337430),
(170, 1, '20190427_201556.jpg', 'samsung SM-J320FN', NULL, '   Κρήτη', 1, 1556385355, '2019-04-27', 1562337432),
(171, 1, '20190427_201627.jpg', 'samsung SM-J320FN', NULL, '   Κρήτη', 1, 1556385386, '2019-04-27', 1562337437),
(172, 1, '20190427_201646.jpg', 'samsung SM-J320FN', NULL, '   Κρήτη', 1, 1556385403, '2019-04-27', 1562337440),
(173, 1, '20190429_064343.jpg', 'samsung SM-J320FN', NULL, '   Αττική', 1, 1556509422, '2019-04-29', 1562337442),
(174, 1, '20190429_064435.jpg', 'samsung SM-J320FN', NULL, '   Αττική', 1, 1556509474, '2019-04-29', 1562337444),
(175, 1, '20190429_064509.jpg', 'samsung SM-J320FN', NULL, '  Γλυφάδα Αττική', 1, 1556509508, '2019-04-29', 1562337445),
(176, 1, '20190429_064635.jpg', 'samsung SM-J320FN', NULL, '  Γλυφάδα Αττική', 1, 1556509595, '2019-04-29', 1562337447),
(177, 1, '20190429_072957.jpg', 'samsung SM-J320FN', NULL, NULL, 1, 1556512197, '2019-04-29', 1562337450),
(178, 1, '20190429_101806.jpg', 'samsung SM-J320FN', 'αγώνας για να σκάει τη μπάλα και να δίνει πάσες', ' Αμφιθέα Παλαιό Φάληρο Αττική', 1, 1556522286, '2019-04-29', 1562337452),
(180, 1, 'IMG_20190426_120142.jpg', 'samsung SM-J320FN', NULL, 'E4   Κρήτη', 1, 1556269302, '2019-04-26', 1562337552),
(181, 1, 'IMG_20190426_120419.jpg', 'samsung SM-J320FN', NULL, 'E4   Κρήτη', 1, 1556269459, '2019-04-26', 1562337557),
(182, 1, '1562338135450-1950813769.jpg', 'samsung SM-J320FN', 'να δείξουμε το νέο μας επιτραπέζιο συντριβάνι', 'Ορφέως Αμφιθέα Παλαιό Φάληρο Αττική', 1, 1562338211, '2019-07-05', 1562338243),
(267, 1, '20190501_115543.jpg', 'samsung SM-J320FN', NULL, '  Δημοτική Ενότητα Θήρας Αιγαίο', 2, 1556700943, '2019-05-01', 1562339561),
(268, 1, '20190501_115751.jpg', 'samsung SM-J320FN', NULL, '  Δημοτική Ενότητα Θήρας Αιγαίο', 2, 1556701070, '2019-05-01', 1562339562),
(269, 1, '20190501_115756.jpg', 'samsung SM-J320FN', NULL, '  Δημοτική Ενότητα Θήρας Αιγαίο', 2, 1556701075, '2019-05-01', 1562339564),
(270, 1, '20190501_121741.jpg', 'samsung SM-J320FN', NULL, '  Δημοτική Ενότητα Θήρας Αιγαίο', 2, 1556702260, '2019-05-01', 1562339565),
(271, 1, '20190501_121901.jpg', 'samsung SM-J320FN', NULL, '  Δημοτική Ενότητα Θήρας Αιγαίο', 2, 1556702339, '2019-05-01', 1562339567),
(272, 1, '20190501_122103.jpg', 'samsung SM-J320FN', NULL, '  Δημοτική Ενότητα Θήρας Αιγαίο', 2, 1556702463, '2019-05-01', 1562339569),
(273, 1, '20190501_122206.jpg', 'samsung SM-J320FN', NULL, '  Δημοτική Ενότητα Θήρας Αιγαίο', 2, 1556702524, '2019-05-01', 1562339570),
(274, 1, '20190501_122359.jpg', 'samsung SM-J320FN', NULL, '  Δημοτική Ενότητα Θήρας Αιγαίο', 2, 1556702638, '2019-05-01', 1562339572),
(275, 1, '20190501_195921.jpg', 'samsung SM-J320FN', NULL, '  Δημοτική Ενότητα Θήρας Αιγαίο', 2, 1556729961, '2019-05-01', 1562339573),
(276, 1, '20190502_203912.jpg', 'samsung SM-J320FN', NULL, '  Δημοτική Ενότητα Οίας Αιγαίο', 2, 1556818751, '2019-05-02', 1562339574),
(277, 1, '20190502_203920.jpg', 'samsung SM-J320FN', NULL, '  Δημοτική Ενότητα Οίας Αιγαίο', 2, 1556818758, '2019-05-02', 1562339575),
(278, 1, '20190502_203958.jpg', 'samsung SM-J320FN', NULL, '  Δημοτική Ενότητα Οίας Αιγαίο', 2, 1556818798, '2019-05-02', 1562339576),
(279, 1, '20190503_102815.jpg', 'samsung SM-J320FN', NULL, '  Δημοτική Ενότητα Θήρας Αιγαίο', 2, 1556868495, '2019-05-03', 1562339578),
(280, 1, '20190503_102849.jpg', 'samsung SM-J320FN', NULL, '  Δημοτική Ενότητα Θήρας Αιγαίο', 2, 1556868529, '2019-05-03', 1562339579),
(281, 1, '20190504_104649.jpg', 'samsung SM-J320FN', NULL, 'Θήρα - Οία  Δημοτική Ενότητα Οίας Αιγαίο', 2, 1556956008, '2019-05-04', 1562339581),
(282, 1, '20190504_104700.jpg', 'samsung SM-J320FN', NULL, 'Θήρα - Οία  Δημοτική Ενότητα Οίας Αιγαίο', 2, 1556956020, '2019-05-04', 1562339581),
(283, 1, '20190504_112245.jpg', 'samsung SM-J320FN', NULL, '  Δημοτική Ενότητα Οίας Αιγαίο', 2, 1556958164, '2019-05-04', 1562339583),
(284, 1, '20190504_112256.jpg', 'samsung SM-J320FN', NULL, '  Δημοτική Ενότητα Οίας Αιγαίο', 2, 1556958175, '2019-05-04', 1562339584),
(285, 1, '20190504_112302.jpg', 'samsung SM-J320FN', NULL, '  Δημοτική Ενότητα Οίας Αιγαίο', 2, 1556958181, '2019-05-04', 1562339585),
(286, 1, '20190504_112312.jpg', 'samsung SM-J320FN', NULL, '  Δημοτική Ενότητα Οίας Αιγαίο', 2, 1556958191, '2019-05-04', 1562339586),
(287, 1, '20190504_112318.jpg', 'samsung SM-J320FN', NULL, '  Δημοτική Ενότητα Οίας Αιγαίο', 2, 1556958197, '2019-05-04', 1562339588),
(288, 1, '20190504_112320.jpg', 'samsung SM-J320FN', NULL, '  Δημοτική Ενότητα Οίας Αιγαίο', 2, 1556958199, '2019-05-04', 1562339590),
(289, 1, 'IMG_4253.jpg', 'Canon Canon EOS 60D', NULL, '', 2, 1483174491, '2016-12-31', 1562339591),
(290, 1, 'IMG_4870.jpg', 'Canon Canon EOS 60D', NULL, '', 2, 1541314432, '2018-11-04', 1562339593),
(291, 1, '20190430_114545.jpg', 'samsung SM-J320FN', NULL, '   Αιγαίο', 2, 1556613943, '2019-04-30', 1562339594),
(292, 1, '20190430_114623.jpg', 'samsung SM-J320FN', NULL, '   Αιγαίο', 2, 1556613983, '2019-04-30', 1562339595),
(293, 1, '20190430_114647.jpg', 'samsung SM-J320FN', NULL, '   Αιγαίο', 2, 1556614007, '2019-04-30', 1562339596),
(294, 1, '20190430_114704.jpg', 'samsung SM-J320FN', NULL, '   Αιγαίο', 2, 1556614024, '2019-04-30', 1562339597),
(295, 1, '20190430_195156.jpg', 'samsung SM-J320FN', NULL, 'Θήρα - Οία  Δημοτική Ενότητα Οίας Αιγαίο', 2, 1556643115, '2019-04-30', 1562339598),
(296, 1, '20190430_195215.jpg', 'samsung SM-J320FN', NULL, 'Θήρα - Οία  Δημοτική Ενότητα Οίας Αιγαίο', 2, 1556643134, '2019-04-30', 1562339599),
(297, 1, '20190430_195221.jpg', 'samsung SM-J320FN', NULL, 'Θήρα - Οία  Δημοτική Ενότητα Οίας Αιγαίο', 2, 1556643139, '2019-04-30', 1562339601),
(298, 1, '20190430_195246.jpg', 'samsung SM-J320FN', NULL, 'Θήρα - Οία  Δημοτική Ενότητα Οίας Αιγαίο', 2, 1556643166, '2019-04-30', 1562339602),
(299, 1, '20190430_203230.jpg', 'samsung SM-J320FN', NULL, NULL, 2, 1556645550, '2019-04-30', 1562339603),
(300, 1, '20190430_203306.jpg', 'samsung SM-J320FN', NULL, 'Θήρα - Οία  Δημοτική Ενότητα Οίας Αιγαίο', 2, 1556645586, '2019-04-30', 1562339604),
(301, 1, '20190501_115301.jpg', 'samsung SM-J320FN', NULL, '  Δημοτική Ενότητα Θήρας Αιγαίο', 2, 1556700780, '2019-05-01', 1562339608),
(302, 1, '20190501_115309.jpg', 'samsung SM-J320FN', NULL, '  Δημοτική Ενότητα Θήρας Αιγαίο', 2, 1556700787, '2019-05-01', 1562339609),
(303, 1, '20190501_115318.jpg', 'samsung SM-J320FN', NULL, '  Δημοτική Ενότητα Θήρας Αιγαίο', 2, 1556700796, '2019-05-01', 1562339611),
(304, 1, '20190501_115320.jpg', 'samsung SM-J320FN', NULL, '  Δημοτική Ενότητα Θήρας Αιγαίο', 2, 1556700799, '2019-05-01', 1562339612),
(305, 1, '20190501_115423.jpg', 'samsung SM-J320FN', NULL, '  Δημοτική Ενότητα Θήρας Αιγαίο', 2, 1556700862, '2019-05-01', 1562339613),
(306, 1, '20190501_115456.jpg', 'samsung SM-J320FN', NULL, '  Δημοτική Ενότητα Θήρας Αιγαίο', 2, 1556700895, '2019-05-01', 1562339615),
(307, 1, '20190501_115446.jpg', 'samsung SM-J320FN', NULL, '  Δημοτική Ενότητα Θήρας Αιγαίο', 2, 1556700885, '2019-05-01', 1562339618),
(308, 1, '20190501_115514.jpg', 'samsung SM-J320FN', NULL, '  Δημοτική Ενότητα Θήρας Αιγαίο', 2, 1556700914, '2019-05-01', 1562339619),
(309, 1, '1562342158141-1983775929.jpg', 'samsung SM-J320FN', 'γρήγορο πέρασμα από πιγκ πογκ κούνιες Νιάρχου', 'Ναυάρχου Βότση  Καλλιθέα Αττική', 1, 1562342294, '2019-07-05', 1562342312),
(310, 1, 'IMG_4719.jpg', 'Canon Canon EOS 60D', NULL, '', 2, 1535907223, '2018-09-02', 1562355997),
(311, 1, 'IMG_4657.jpg', 'Canon Canon EOS 60D', NULL, NULL, 2, 1535898303, '2018-09-02', 1562356000),
(312, 1, 'IMG_4625.jpg', 'Canon Canon EOS 60D', NULL, '', 2, 1535896323, '2018-09-02', 1562356040),
(313, 1, 'IMG_4627.jpg', 'Canon Canon EOS 60D', NULL, '', 2, 1535896351, '2018-09-02', 1562356041),
(314, 1, 'IMG_4639.jpg', 'Canon Canon EOS 60D', NULL, NULL, 2, 1535896577, '2018-09-02', 1562356043),
(318, 1, 'N_1561.jpg', 'NIKON CORPORATION NIKON D810', NULL, NULL, 1, 1560013698, '2019-06-08', 1562356087),
(319, 1, 'N_1561.jpg', 'NIKON CORPORATION NIKON D810', NULL, NULL, 1, 1560013698, '2019-06-08', 1562356088),
(323, 1, 'N_1573.jpg', 'NIKON CORPORATION NIKON D810', NULL, NULL, 1, 1560013708, '2019-06-08', 1562356094),
(324, 1, 'N_1601.jpg', 'NIKON CORPORATION NIKON D810', NULL, NULL, 1, 1560013732, '2019-06-08', 1562356096),
(327, 1, 'N_1663.jpg', 'NIKON CORPORATION NIKON D610', NULL, NULL, 1, 1560013779, '2019-06-08', 1562356100),
(329, 1, 'N_1680.jpg', 'NIKON CORPORATION NIKON D810', NULL, NULL, 1, 1560013795, '2019-06-08', 1562356103),
(331, 1, 'N_1717.jpg', 'NIKON CORPORATION NIKON D610', NULL, NULL, 1, 1560013815, '2019-06-08', 1562356105),
(401, 1, 'IMG_28351.jpg', 'Canon Canon EOS 5D', NULL, '', 1, 1415542590, '2014-11-09', 1563093642),
(402, 1, 'IMG_29741.jpg', 'Canon Canon EOS 5D', NULL, '', 1, 1415544070, '2014-11-09', 1563094039),
(403, 1, '1563094744947-2026257884.jpg', 'samsung SM-J320FN', NULL, '', 1, 1563094789, '2019-07-14', 1563094870),
(404, 1, '15630969942011105468369.jpg', ' ', 'allou να ανεβούμε', '', 1, 1563097049, '2019-07-14', 1563097049),
(405, 1, '1563097925758-206037524.jpg', 'samsung SM-J320FN', NULL, '', 1, 1563097947, '2019-07-14', 1563097960),
(406, 1, '1563098991403-2040540142.jpg', 'samsung SM-J320FN', NULL, '', 1, 1563099001, '2019-07-14', 1563099018),
(407, 1, '1563099501492-730987753.jpg', 'samsung SM-J320FN', NULL, '', 1, 1563099543, '2019-07-14', 1563099557),
(408, 1, '1563099968195-2130054298.jpg', ' ', 'στον ανδρέα αρέσει το ύψος, στην καλλιόπη όχι', '', 1, 1563099991, '2019-07-14', 1563099991),
(409, 1, '1563100043169144272207.jpg', ' ', 'G', '', 1, 1563100090, '2019-07-14', 1563100090),
(410, 1, '1563115086448888865141.jpg', 'samsung SM-J320FN', 'δύσκολα μπαίνει μέσα, αλλά η φωτο με το μπαμπά είναι must', '', 1, 1563115106, '2019-07-14', 1563115121),
(411, 1, 'mymobile 026.jpg', 'SAMSUNG SM-G110H', NULL, '', 1, 1438858722, '2015-08-06', 1563184814),
(412, 1, 'mymobile 010.jpg', 'SAMSUNG SM-G110H', NULL, '', 1, 1428680388, '2015-04-10', 1563186282),
(413, 1, 'mymobile 019.jpg', 'SAMSUNG SM-G110H', NULL, '', 1, 1429438631, '2015-04-19', 1563186292),
(414, 1, 'DSC04815.JPG', 'SONY DSC-W310', NULL, '', 1, 1351767219, '2012-11-01', 1563202108),
(415, 1, 'DSC04816.JPG', 'SONY DSC-W310', NULL, '', 1, 1351767226, '2012-11-01', 1563202110),
(417, 1, 'DSC04818.JPG', 'SONY DSC-W310', NULL, '', 1, 1351862842, '2012-11-02', 1563202115),
(418, 1, 'DSC04819.JPG', 'SONY DSC-W310', NULL, '', 1, 1351862853, '2012-11-02', 1563202118),
(421, 1, 'DSC04822.JPG', 'SONY DSC-W310', NULL, '', 1, 1351862908, '2012-11-02', 1563202125),
(422, 1, 'DSC04823.JPG', 'SONY DSC-W310', NULL, '', 1, 1351862917, '2012-11-02', 1563202127),
(423, 1, 'DSC04824.JPG', 'SONY DSC-W310', NULL, '', 1, 1351862929, '2012-11-02', 1563202129),
(424, 1, 'DSC04825.JPG', 'SONY DSC-W310', NULL, '', 1, 1351862939, '2012-11-02', 1563202130),
(425, 1, 'DSC04826.JPG', 'SONY DSC-W310', NULL, '', 1, 1351862950, '2012-11-02', 1563202132),
(427, 1, 'DSC04828.JPG', 'SONY DSC-W310', NULL, '', 1, 1351863041, '2012-11-02', 1563202137),
(428, 1, 'DSC04829.JPG', 'SONY DSC-W310', NULL, '', 1, 1351863066, '2012-11-02', 1563202140),
(429, 1, 'DSC04830.JPG', 'SONY DSC-W310', NULL, '', 1, 1351863073, '2012-11-02', 1563202141),
(431, 1, 'DSC04832.JPG', 'SONY DSC-W310', NULL, '', 1, 1351863157, '2012-11-02', 1563202146),
(432, 1, 'DSC04833.JPG', 'SONY DSC-W310', NULL, '', 1, 1351863227, '2012-11-02', 1563202149),
(434, 1, 'DSC04835.JPG', 'SONY DSC-W310', NULL, '', 1, 1351863265, '2012-11-02', 1563202153),
(435, 1, 'DSC04836.JPG', 'SONY DSC-W310', NULL, '', 1, 1351863300, '2012-11-02', 1563202154),
(436, 1, 'DSC04837.JPG', 'SONY DSC-W310', NULL, '', 1, 1351863352, '2012-11-02', 1563202156),
(437, 1, 'DSC04838.JPG', 'SONY DSC-W310', NULL, '', 1, 1351863421, '2012-11-02', 1563202157),
(438, 1, 'DSC04839.JPG', 'SONY DSC-W310', NULL, '', 1, 1351863481, '2012-11-02', 1563202159),
(439, 1, 'DSC04840.JPG', 'SONY DSC-W310', NULL, '', 1, 1351863531, '2012-11-02', 1563202162),
(440, 1, 'DSC04844.JPG', 'SONY DSC-W310', NULL, '', 1, 1351872460, '2012-11-02', 1563202164),
(441, 1, 'DSC04845.JPG', 'SONY DSC-W310', NULL, '', 1, 1351872502, '2012-11-02', 1563202166),
(442, 1, 'DSC04846.JPG', 'SONY DSC-W310', NULL, '', 1, 1351872509, '2012-11-02', 1563202167),
(443, 1, 'DSC07473.JPG', 'SONY DSC-W310', NULL, '', 1, 1367422957, '2013-05-01', 1563202476),
(444, 1, 'DSC07474.JPG', 'SONY DSC-W310', NULL, '', 1, 1367422968, '2013-05-01', 1563202478),
(445, 1, 'DSC07477.JPG', 'SONY DSC-W310', NULL, '', 1, 1367423111, '2013-05-01', 1563202480),
(446, 1, 'DSC07478.JPG', 'SONY DSC-W310', NULL, '', 1, 1367423118, '2013-05-01', 1563202482),
(447, 1, 'DSC07479.JPG', 'SONY DSC-W310', NULL, '', 1, 1367423124, '2013-05-01', 1563202484),
(448, 1, 'DSC07480.JPG', 'SONY DSC-W310', NULL, '', 1, 1367423129, '2013-05-01', 1563202486),
(449, 1, 'DSC07481.JPG', 'SONY DSC-W310', NULL, '', 1, 1367423149, '2013-05-01', 1563202487),
(450, 1, 'DSC07482.JPG', 'SONY DSC-W310', NULL, '', 1, 1367423176, '2013-05-01', 1563202489),
(451, 1, 'DSC07487.JPG', 'SONY DSC-W310', NULL, '', 1, 1367423699, '2013-05-01', 1563202490),
(452, 1, 'DSC07490.JPG', 'SONY DSC-W310', NULL, '', 1, 1367423805, '2013-05-01', 1563202491),
(453, 1, 'DSC07491.JPG', 'SONY DSC-W310', NULL, '', 1, 1367423811, '2013-05-01', 1563202493),
(454, 1, 'DSC07492.JPG', 'SONY DSC-W310', NULL, '', 1, 1367423821, '2013-05-01', 1563202494),
(455, 1, 'DSC07493.JPG', 'SONY DSC-W310', NULL, '', 1, 1367423827, '2013-05-01', 1563202495),
(456, 1, 'DSC07494.JPG', 'SONY DSC-W310', NULL, '', 1, 1367423834, '2013-05-01', 1563202498),
(457, 1, 'DSC07495.JPG', 'SONY DSC-W310', NULL, '', 1, 1367423845, '2013-05-01', 1563202499),
(458, 1, 'DSC07496.JPG', 'SONY DSC-W310', NULL, '', 1, 1367423852, '2013-05-01', 1563202500),
(459, 1, 'DSC07497.JPG', 'SONY DSC-W310', NULL, '', 1, 1367423868, '2013-05-01', 1563202502),
(460, 1, 'DSC07498.JPG', 'SONY DSC-W310', NULL, '', 1, 1367424032, '2013-05-01', 1563202503),
(461, 1, 'DSC07499.JPG', 'SONY DSC-W310', NULL, '', 1, 1367424040, '2013-05-01', 1563202504),
(462, 1, 'DSC07500.JPG', 'SONY DSC-W310', NULL, '', 1, 1367424353, '2013-05-01', 1563202506),
(463, 1, 'DSC07502.JPG', 'SONY DSC-W310', NULL, '', 1, 1367424412, '2013-05-01', 1563202507),
(464, 1, 'DSC07503.JPG', 'SONY DSC-W310', NULL, '', 1, 1367424419, '2013-05-01', 1563202508),
(465, 1, 'DSC07504.JPG', 'SONY DSC-W310', NULL, '', 1, 1367424787, '2013-05-01', 1563202509),
(466, 1, 'DSC07456.JPG', 'SONY DSC-W310', NULL, '', 1, 1367422160, '2013-05-01', 1563202510),
(467, 1, 'DSC07458.JPG', 'SONY DSC-W310', NULL, '', 1, 1367422197, '2013-05-01', 1563202511),
(468, 1, 'DSC07459.JPG', 'SONY DSC-W310', NULL, '', 1, 1367422208, '2013-05-01', 1563202513),
(469, 1, 'DSC07460.JPG', 'SONY DSC-W310', NULL, '', 1, 1367422215, '2013-05-01', 1563202513),
(470, 1, 'DSC07461.JPG', 'SONY DSC-W310', NULL, '', 1, 1367422233, '2013-05-01', 1563202515),
(471, 1, 'DSC07462.JPG', 'SONY DSC-W310', NULL, '', 1, 1367422239, '2013-05-01', 1563202517),
(472, 1, 'DSC07464.JPG', 'SONY DSC-W310', NULL, '', 1, 1367422494, '2013-05-01', 1563202518),
(473, 1, 'DSC07465.JPG', 'SONY DSC-W310', NULL, '', 1, 1367422518, '2013-05-01', 1563202519),
(474, 1, 'DSC07466.JPG', 'SONY DSC-W310', NULL, '', 1, 1367422569, '2013-05-01', 1563202553),
(475, 1, 'DSC07468.JPG', 'SONY DSC-W310', NULL, '', 1, 1367422583, '2013-05-01', 1563202554),
(476, 1, 'DSC07469.JPG', 'SONY DSC-W310', NULL, '', 1, 1367422604, '2013-05-01', 1563202556),
(477, 1, 'DSC07470.JPG', 'SONY DSC-W310', NULL, '', 1, 1367422622, '2013-05-01', 1563202556),
(478, 1, 'DSC07471.JPG', 'SONY DSC-W310', NULL, '', 1, 1367422631, '2013-05-01', 1563202558),
(479, 1, 'DSC07472.JPG', 'SONY DSC-W310', NULL, '', 1, 1367422639, '2013-05-01', 1563202558),
(480, 1, 'DSC03745.JPG', 'SONY DSC-W310', NULL, '', 1, 1344503853, '2012-08-09', 1563202611),
(481, 1, 'DSC05182.JPG', 'SONY DSC-W310', NULL, '', 1, 1354016316, '2012-11-27', 1563202612),
(482, 1, 'DSC05450 (1).JPG', 'SONY DSC-W310', NULL, '', 1, 1356105690, '2012-12-21', 1563202614),
(483, 1, 'DSC05450.jpg', 'SONY DSC-W310', NULL, '', 1, 1356105690, '2012-12-21', 1563202615),
(484, 1, 'prosklisi13X18.jpg', ' ', NULL, '', 1, 1563202617, '2019-07-15', 1563202617),
(485, 1, 'DSC04460.JPG', 'SONY DSC-W310', NULL, '', 1, 1349206872, '2012-10-02', 1563202716),
(486, 1, 'DSC04461.JPG', 'SONY DSC-W310', NULL, '', 1, 1349248336, '2012-10-03', 1563202717),
(487, 1, 'DSC04462.JPG', 'SONY DSC-W310', NULL, '', 1, 1349248342, '2012-10-03', 1563202719),
(488, 1, 'DSC04444.JPG', 'SONY DSC-W310', NULL, '', 1, 1349036689, '2012-09-30', 1563202720),
(489, 1, 'DSC04445.JPG', 'SONY DSC-W310', NULL, '', 1, 1349036698, '2012-09-30', 1563202721),
(490, 1, 'DSC04446.JPG', 'SONY DSC-W310', NULL, '', 1, 1349192247, '2012-10-02', 1563202722),
(491, 1, 'DSC04448.JPG', 'SONY DSC-W310', NULL, '', 1, 1349192294, '2012-10-02', 1563202723),
(492, 1, 'DSC04449.JPG', 'SONY DSC-W310', NULL, '', 1, 1349192319, '2012-10-02', 1563202726),
(493, 1, 'DSC04450.JPG', 'SONY DSC-W310', NULL, '', 1, 1349192362, '2012-10-02', 1563202727),
(494, 1, 'DSC04451.JPG', 'SONY DSC-W310', NULL, '', 1, 1349192372, '2012-10-02', 1563202728),
(495, 1, 'DSC04452.JPG', 'SONY DSC-W310', NULL, '', 1, 1349200362, '2012-10-02', 1563202729),
(496, 1, 'DSC04453.JPG', 'SONY DSC-W310', NULL, '', 1, 1349200370, '2012-10-02', 1563202731),
(497, 1, 'DSC04455.JPG', 'SONY DSC-W310', NULL, '', 1, 1349206822, '2012-10-02', 1563202732),
(498, 1, 'DSC04456.JPG', 'SONY DSC-W310', NULL, '', 1, 1349206828, '2012-10-02', 1563202734),
(499, 1, 'DSC04457.JPG', 'SONY DSC-W310', NULL, '', 1, 1349206846, '2012-10-02', 1563202736),
(500, 1, 'DSC04458.JPG', 'SONY DSC-W310', NULL, '', 1, 1349206853, '2012-10-02', 1563202737),
(501, 1, 'DSC04459.JPG', 'SONY DSC-W310', NULL, '', 1, 1349206861, '2012-10-02', 1563202740),
(502, 1, 'DSC04557.JPG', 'SONY DSC-W310', NULL, '', 1, 1350048430, '2012-10-12', 1563202864),
(503, 1, 'DSC04558.JPG', 'SONY DSC-W310', NULL, '', 1, 1350049180, '2012-10-12', 1563202866),
(504, 1, 'DSC04559.JPG', 'SONY DSC-W310', NULL, '', 1, 1350049198, '2012-10-12', 1563202869),
(505, 1, 'DSC04560.JPG', 'SONY DSC-W310', NULL, '', 1, 1350049204, '2012-10-12', 1563202872),
(506, 1, 'DSC04561.JPG', 'SONY DSC-W310', NULL, '', 1, 1350049215, '2012-10-12', 1563202875),
(507, 1, 'DSC04562.JPG', 'SONY DSC-W310', NULL, '', 1, 1350049224, '2012-10-12', 1563202876),
(508, 1, 'DSC04564.JPG', 'SONY DSC-W310', NULL, '', 1, 1350049237, '2012-10-12', 1563202880),
(509, 1, 'DSC04570.JPG', 'SONY DSC-W310', NULL, '', 1, 1350050690, '2012-10-12', 1563202881),
(510, 1, 'DSC04514.JPG', 'SONY DSC-W310', NULL, '', 1, 1349602171, '2012-10-07', 1563202883),
(511, 1, 'DSC04527.JPG', 'SONY DSC-W310', NULL, '', 1, 1349603297, '2012-10-07', 1563202885),
(512, 1, 'DSC04528.JPG', 'SONY DSC-W310', NULL, '', 1, 1349603302, '2012-10-07', 1563202886),
(513, 1, 'DSC04529.JPG', 'SONY DSC-W310', NULL, '', 1, 1349603309, '2012-10-07', 1563202888),
(514, 1, 'DSC04530.JPG', 'SONY DSC-W310', NULL, '', 1, 1349603316, '2012-10-07', 1563202890),
(515, 1, 'DSC04531.JPG', 'SONY DSC-W310', NULL, '', 1, 1349603322, '2012-10-07', 1563202891),
(516, 1, 'DSC04532.JPG', 'SONY DSC-W310', NULL, '', 1, 1349603606, '2012-10-07', 1563202892),
(517, 1, 'DSC04533.JPG', 'SONY DSC-W310', NULL, '', 1, 1349603614, '2012-10-07', 1563202893),
(518, 1, 'DSC04534.JPG', 'SONY DSC-W310', NULL, '', 1, 1349603623, '2012-10-07', 1563202895),
(519, 1, 'DSC04535.JPG', 'SONY DSC-W310', NULL, '', 1, 1349603630, '2012-10-07', 1563202895),
(520, 1, 'DSC04536.JPG', 'SONY DSC-W310', NULL, '', 1, 1349603638, '2012-10-07', 1563202897),
(521, 1, 'DSC04537.JPG', 'SONY DSC-W310', NULL, '', 1, 1349603645, '2012-10-07', 1563202898),
(522, 1, 'DSC04538.JPG', 'SONY DSC-W310', NULL, '', 1, 1349603650, '2012-10-07', 1563202899),
(523, 1, 'DSC04540.JPG', 'SONY DSC-W310', NULL, '', 1, 1349618482, '2012-10-07', 1563202900),
(524, 1, 'DSC04541.JPG', 'SONY DSC-W310', NULL, '', 1, 1349618487, '2012-10-07', 1563202902),
(525, 1, 'DSC04542.JPG', 'SONY DSC-W310', NULL, '', 1, 1349618502, '2012-10-07', 1563202903),
(526, 1, 'DSC04544.JPG', 'SONY DSC-W310', NULL, '', 1, 1349848430, '2012-10-10', 1563202905),
(527, 1, 'DSC04545.JPG', 'SONY DSC-W310', NULL, '', 1, 1349848438, '2012-10-10', 1563202906),
(528, 1, 'DSC04546.JPG', 'SONY DSC-W310', NULL, '', 1, 1349895391, '2012-10-10', 1563202907),
(529, 1, 'DSC04547.JPG', 'SONY DSC-W310', NULL, '', 1, 1349895404, '2012-10-10', 1563202919),
(530, 1, 'DSC04548.JPG', 'SONY DSC-W310', NULL, '', 1, 1349941911, '2012-10-11', 1563202921),
(531, 1, 'DSC04549.JPG', 'SONY DSC-W310', NULL, '', 1, 1349941921, '2012-10-11', 1563202922),
(532, 1, 'DSC04551.JPG', 'SONY DSC-W310', NULL, '', 1, 1349977765, '2012-10-11', 1563202928),
(533, 1, 'DSC04552.JPG', 'SONY DSC-W310', NULL, '', 1, 1349977772, '2012-10-11', 1563202946),
(534, 1, 'DSC04553.JPG', 'SONY DSC-W310', NULL, '', 1, 1349980042, '2012-10-11', 1563202953),
(535, 1, 'DSC04554.JPG', 'SONY DSC-W310', NULL, '', 1, 1349980053, '2012-10-11', 1563202956),
(536, 1, 'DSC04555.JPG', 'SONY DSC-W310', NULL, '', 1, 1349980059, '2012-10-11', 1563202964),
(537, 1, 'DSC04556.JPG', 'SONY DSC-W310', NULL, '', 1, 1350048214, '2012-10-12', 1563202974),
(538, 1, 'DSC04790.JPG', 'SONY DSC-W310', NULL, '', 1, 1351505881, '2012-10-29', 1563203197),
(539, 1, 'DSC04791.JPG', 'SONY DSC-W310', NULL, '', 1, 1351505888, '2012-10-29', 1563203208),
(540, 1, 'DSC04792.JPG', 'SONY DSC-W310', NULL, '', 1, 1351505894, '2012-10-29', 1563203210),
(541, 1, 'DSC04793.JPG', 'SONY DSC-W310', NULL, '', 1, 1351505908, '2012-10-29', 1563203218),
(542, 1, 'DSC04800.JPG', 'SONY DSC-W310', NULL, '', 1, 1351516308, '2012-10-29', 1563203224),
(543, 1, 'DSC04794.JPG', 'SONY DSC-W310', NULL, '', 1, 1351505919, '2012-10-29', 1563203227),
(544, 1, 'DSC04801.JPG', 'SONY DSC-W310', NULL, '', 1, 1351516316, '2012-10-29', 1563203235),
(545, 1, 'DSC04802.JPG', 'SONY DSC-W310', NULL, '', 1, 1351516322, '2012-10-29', 1563203240),
(546, 1, 'DSC04805.JPG', 'SONY DSC-W310', NULL, '', 1, 1351516498, '2012-10-29', 1563203248),
(547, 1, 'DSC04804.JPG', 'SONY DSC-W310', NULL, '', 1, 1351516339, '2012-10-29', 1563203250),
(548, 1, 'DSC04803.JPG', 'SONY DSC-W310', NULL, '', 1, 1351516333, '2012-10-29', 1563203251),
(549, 1, 'DSC04570 (1).JPG', 'SONY DSC-W310', NULL, '', 1, 1350050690, '2012-10-12', 1563203263),
(550, 1, 'DSC04807.JPG', 'SONY DSC-W310', NULL, '', 1, 1351516514, '2012-10-29', 1563203265),
(551, 1, 'DSC04806.JPG', 'SONY DSC-W310', NULL, '', 1, 1351516505, '2012-10-29', 1563203267),
(552, 1, 'DSC04574.JPG', 'SONY DSC-W310', NULL, '', 1, 1350154009, '2012-10-13', 1563203272),
(553, 1, 'DSC04575.JPG', 'SONY DSC-W310', NULL, '', 1, 1350154022, '2012-10-13', 1563203274),
(554, 1, 'DSC04576.JPG', 'SONY DSC-W310', NULL, '', 1, 1350241943, '2012-10-14', 1563203278),
(555, 1, 'DSC04579.JPG', 'SONY DSC-W310', NULL, '', 1, 1350241967, '2012-10-14', 1563203283),
(556, 1, 'DSC04577.JPG', 'SONY DSC-W310', NULL, '', 1, 1350241953, '2012-10-14', 1563203284),
(557, 1, 'DSC04581.JPG', 'SONY DSC-W310', NULL, '', 1, 1350306855, '2012-10-15', 1563203303),
(558, 1, 'DSC04583.JPG', 'SONY DSC-W310', NULL, '', 1, 1350306871, '2012-10-15', 1563203306),
(559, 1, 'DSC04584.JPG', 'SONY DSC-W310', NULL, '', 1, 1350308156, '2012-10-15', 1563203312),
(560, 1, 'DSC04585.JPG', 'SONY DSC-W310', NULL, '', 1, 1350308163, '2012-10-15', 1563203320),
(561, 1, 'DSC04586.JPG', 'SONY DSC-W310', NULL, '', 1, 1350308172, '2012-10-15', 1563203328),
(562, 1, 'DSC04588.JPG', 'SONY DSC-W310', NULL, '', 1, 1350378920, '2012-10-16', 1563203334),
(563, 1, 'DSC04587.JPG', 'SONY DSC-W310', NULL, '', 1, 1350308200, '2012-10-15', 1563203338),
(564, 1, 'DSC04589.JPG', 'SONY DSC-W310', NULL, '', 1, 1350378932, '2012-10-16', 1563203340),
(565, 1, 'DSC04592.JPG', 'SONY DSC-W310', NULL, '', 1, 1350492521, '2012-10-17', 1563203350),
(566, 1, 'DSC04593.JPG', 'SONY DSC-W310', NULL, '', 1, 1350492529, '2012-10-17', 1563203352),
(567, 1, 'DSC04591.JPG', 'SONY DSC-W310', NULL, '', 1, 1350480618, '2012-10-17', 1563203355),
(568, 1, 'DSC04590.JPG', 'SONY DSC-W310', NULL, '', 1, 1350378940, '2012-10-16', 1563203357),
(569, 1, 'DSC04596.JPG', 'SONY DSC-W310', NULL, '', 1, 1350492638, '2012-10-17', 1563203362),
(570, 1, 'DSC04600.JPG', 'SONY DSC-W310', NULL, '', 1, 1350560716, '2012-10-18', 1563203368),
(571, 1, 'DSC04599.JPG', 'SONY DSC-W310', NULL, '', 1, 1350560708, '2012-10-18', 1563203370),
(572, 1, 'DSC04597.JPG', 'SONY DSC-W310', NULL, '', 1, 1350500871, '2012-10-17', 1563203372),
(573, 1, 'DSC04602.JPG', 'SONY DSC-W310', NULL, '', 1, 1350560730, '2012-10-18', 1563203389),
(574, 1, 'DSC04603.JPG', 'SONY DSC-W310', NULL, '', 1, 1350560743, '2012-10-18', 1563203390),
(575, 1, 'DSC04605.JPG', 'SONY DSC-W310', NULL, '', 1, 1350586551, '2012-10-18', 1563203392),
(576, 1, 'DSC04606.JPG', 'SONY DSC-W310', NULL, '', 1, 1350586562, '2012-10-18', 1563203394),
(577, 1, 'DSC04607.JPG', 'SONY DSC-W310', NULL, '', 1, 1350586569, '2012-10-18', 1563203407),
(578, 1, 'DSC04608.JPG', 'SONY DSC-W310', NULL, '', 1, 1350586577, '2012-10-18', 1563203411),
(579, 1, 'DSC04609.JPG', 'SONY DSC-W310', NULL, '', 1, 1350586584, '2012-10-18', 1563203413),
(580, 1, 'DSC04610.JPG', 'SONY DSC-W310', NULL, '', 1, 1350586590, '2012-10-18', 1563203416),
(581, 1, 'DSC04634.JPG', 'SONY DSC-W310', NULL, '', 1, 1350746289, '2012-10-20', 1563203423),
(582, 1, 'DSC04652.JPG', 'SONY DSC-W310', NULL, '', 1, 1350834183, '2012-10-21', 1563203428),
(583, 1, 'DSC04654.JPG', 'SONY DSC-W310', NULL, '', 1, 1350902742, '2012-10-22', 1563203433),
(584, 1, 'DSC04655.JPG', 'SONY DSC-W310', NULL, '', 1, 1350902754, '2012-10-22', 1563203446),
(585, 1, 'DSC04656.JPG', 'SONY DSC-W310', NULL, '', 1, 1350902764, '2012-10-22', 1563203449),
(586, 1, 'DSC04657.JPG', 'SONY DSC-W310', NULL, '', 1, 1350902776, '2012-10-22', 1563203451),
(587, 1, 'DSC04658.JPG', 'SONY DSC-W310', NULL, '', 1, 1350902783, '2012-10-22', 1563203454),
(588, 1, 'DSC04671.JPG', 'SONY DSC-W310', NULL, '', 1, 1351079565, '2012-10-24', 1563203455),
(589, 1, 'DSC04672.JPG', 'SONY DSC-W310', NULL, '', 1, 1351079570, '2012-10-24', 1563203458),
(590, 1, 'DSC04673.JPG', 'SONY DSC-W310', NULL, '', 1, 1351081846, '2012-10-24', 1563203459),
(591, 1, 'DSC04674.JPG', 'SONY DSC-W310', NULL, '', 1, 1351081865, '2012-10-24', 1563203466),
(592, 1, 'DSC04675.JPG', 'SONY DSC-W310', NULL, '', 1, 1351081872, '2012-10-24', 1563203473),
(593, 1, 'DSC04676.JPG', 'SONY DSC-W310', NULL, '', 1, 1351081911, '2012-10-24', 1563203487),
(594, 1, 'DSC04677.JPG', 'SONY DSC-W310', NULL, '', 1, 1351081927, '2012-10-24', 1563203489),
(595, 1, 'DSC04678.JPG', 'SONY DSC-W310', NULL, '', 1, 1351081965, '2012-10-24', 1563203491),
(596, 1, 'DSC04679.JPG', 'SONY DSC-W310', NULL, '', 1, 1351081975, '2012-10-24', 1563203492),
(597, 1, 'DSC04680.JPG', 'SONY DSC-W310', NULL, '', 1, 1351082048, '2012-10-24', 1563203496),
(598, 1, 'DSC04681.JPG', 'SONY DSC-W310', NULL, '', 1, 1351082056, '2012-10-24', 1563203498),
(599, 1, 'DSC04682.JPG', 'SONY DSC-W310', NULL, '', 1, 1351082615, '2012-10-24', 1563203501),
(600, 1, 'DSC04684.JPG', 'SONY DSC-W310', NULL, '', 1, 1351082743, '2012-10-24', 1563203504),
(601, 1, 'DSC04685.JPG', 'SONY DSC-W310', NULL, '', 1, 1351082756, '2012-10-24', 1563203506),
(602, 1, 'DSC04706.JPG', 'SONY DSC-W310', NULL, '', 1, 1351320710, '2012-10-27', 1563203508),
(603, 1, 'DSC04707.JPG', 'SONY DSC-W310', NULL, '', 1, 1351342003, '2012-10-27', 1563203511),
(604, 1, 'DSC04708.JPG', 'SONY DSC-W310', NULL, '', 1, 1351342011, '2012-10-27', 1563203514),
(605, 1, 'DSC04709.JPG', 'SONY DSC-W310', NULL, '', 1, 1351342020, '2012-10-27', 1563203517),
(606, 1, 'DSC04710.JPG', 'SONY DSC-W310', NULL, '', 1, 1351342026, '2012-10-27', 1563203521),
(607, 1, 'DSC04786.JPG', 'SONY DSC-W310', NULL, '', 1, 1351501985, '2012-10-29', 1563203525),
(608, 1, 'DSC04787.JPG', 'SONY DSC-W310', NULL, '', 1, 1351502283, '2012-10-29', 1563203527),
(609, 1, 'DSC04788.JPG', 'SONY DSC-W310', NULL, '', 1, 1351502291, '2012-10-29', 1563203530),
(610, 1, 'DSC04789.JPG', 'SONY DSC-W310', NULL, '', 1, 1351504386, '2012-10-29', 1563203535),
(611, 1, 'DSC04807 (1).JPG', 'SONY DSC-W310', NULL, '', 1, 1351516514, '2012-10-29', 1563203632),
(612, 1, 'DSC04809.JPG', 'SONY DSC-W310', NULL, '', 1, 1351680940, '2012-10-31', 1563203634),
(613, 1, '20160517_214407.jpg', ' ', NULL, '', 1, 1563203781, '2019-07-15', 1563203781),
(614, 1, '20160521_140307.jpg', ' ', NULL, '', 1, 1563203784, '2019-07-15', 1563203784),
(615, 1, '20160521_140355.jpg', ' ', NULL, '', 1, 1563203787, '2019-07-15', 1563203787),
(616, 1, '20160521_140400.jpg', ' ', NULL, '', 1, 1563203789, '2019-07-15', 1563203789),
(617, 1, '20160521_141238.jpg', ' ', NULL, '', 1, 1563203791, '2019-07-15', 1563203791),
(618, 1, '20160515_135152.jpg', ' ', NULL, '', 1, 1563203794, '2019-07-15', 1563203794),
(619, 1, '20160515_145408.jpg', 'SAMSUNG SM-G361F', NULL, '', 1, 1463313248, '2016-05-15', 1563203796),
(620, 1, '20160515_145452.jpg', 'SAMSUNG SM-G361F', NULL, '', 1, 1463313292, '2016-05-15', 1563203797),
(621, 1, '20160521_141250.jpg', ' ', NULL, '', 1, 1563203851, '2019-07-15', 1563203851),
(622, 1, '20160521_141254.jpg', ' ', NULL, '', 1, 1563203852, '2019-07-15', 1563203852),
(623, 1, '20160521_141257.jpg', ' ', NULL, '', 1, 1563203854, '2019-07-15', 1563203854),
(624, 1, '20160521_141301.jpg', ' ', NULL, '', 1, 1563203855, '2019-07-15', 1563203855),
(625, 1, '20160521_141353.jpg', ' ', NULL, '', 1, 1563203856, '2019-07-15', 1563203857),
(626, 1, '20160521_141418.jpg', ' ', NULL, '', 1, 1563203858, '2019-07-15', 1563203859),
(627, 1, '20160521_143705.jpg', ' ', NULL, '', 1, 1563203860, '2019-07-15', 1563203860),
(628, 1, '20160521_143749.jpg', ' ', NULL, '', 1, 1563203930, '2019-07-15', 1563203930),
(629, 1, '20160521_143846.jpg', 'SAMSUNG SM-G361F', NULL, '', 1, 1463830725, '2016-05-21', 1563203932),
(630, 1, '20160521_144100.jpg', ' ', NULL, '', 1, 1563203933, '2019-07-15', 1563203933),
(631, 1, '20160521_144213.jpg', 'SAMSUNG SM-G361F', NULL, '', 1, 1463830933, '2016-05-21', 1563203934),
(632, 1, '20160521_144829.jpg', ' ', NULL, '', 1, 1563203937, '2019-07-15', 1563203937),
(633, 1, '20160522_160019.jpg', 'SAMSUNG SM-G361F', NULL, '', 1, 1463922019, '2016-05-22', 1563203940),
(634, 1, '20160607_205121.jpg', 'SAMSUNG SM-G361F', NULL, '', 1, 1465321880, '2016-06-07', 1563203995),
(635, 1, '20160607_205156.jpg', 'SAMSUNG SM-G361F', NULL, '', 1, 1465321916, '2016-06-07', 1563203996),
(636, 1, '20160607_205202.jpg', ' ', NULL, '', 1, 1563203999, '2019-07-15', 1563203999),
(637, 1, '20160607_205217.jpg', ' ', NULL, '', 1, 1563204003, '2019-07-15', 1563204003),
(638, 1, '20160607_205219.jpg', ' ', NULL, '', 1, 1563204005, '2019-07-15', 1563204005),
(640, 1, '20160628_194631.jpg', 'SAMSUNG SM-G361F', NULL, '', 1, 1467132390, '2016-06-28', 1563204178),
(641, 1, '20160703_143108.jpg', ' ', NULL, '', 1, 1563204186, '2019-07-15', 1563204186),
(643, 1, '20160703_143324.jpg', 'SAMSUNG SM-G361F', NULL, '', 1, 1467545604, '2016-07-03', 1563204194),
(644, 1, '20160712_213329.jpg', 'SAMSUNG SM-G361F', NULL, '', 1, 1468348407, '2016-07-12', 1563204201),
(645, 1, '20160712_213411.jpg', 'SAMSUNG SM-G361F', NULL, '', 1, 1468348450, '2016-07-12', 1563204205),
(646, 1, '20160712_213441.jpg', 'SAMSUNG SM-G361F', NULL, '', 1, 1468348480, '2016-07-12', 1563204212),
(647, 1, '20160712_213518.jpg', 'SAMSUNG SM-G361F', NULL, '', 1, 1468348517, '2016-07-12', 1563204215),
(648, 1, '20160712_213624.jpg', 'SAMSUNG SM-G361F', NULL, '', 1, 1468348583, '2016-07-12', 1563204219),
(649, 1, '20160712_213657.jpg', 'SAMSUNG SM-G361F', NULL, '', 1, 1468348617, '2016-07-12', 1563204222),
(650, 1, '20160712_213735.jpg', 'SAMSUNG SM-G361F', NULL, '', 1, 1468348655, '2016-07-12', 1563204225),
(651, 1, '20160712_213817.jpg', 'SAMSUNG SM-G361F', NULL, '', 1, 1468348697, '2016-07-12', 1563204227),
(652, 1, '20160716_144903.jpg', 'SAMSUNG SM-G361F', NULL, '', 1, 1468669742, '2016-07-16', 1563204324),
(653, 1, '20160607_205312 (1).jpg', ' ', NULL, '', 1, 1563204326, '2019-07-15', 1563204326),
(654, 1, '20160611_143046.jpg', 'SAMSUNG SM-G361F', NULL, '', 1, 1465644646, '2016-06-11', 1563204328),
(655, 1, '20160611_143157.jpg', 'SAMSUNG SM-G361F', NULL, '', 1, 1465644716, '2016-06-11', 1563204330),
(656, 1, '20160612_140248.jpg', ' ', NULL, '', 1, 1563204331, '2019-07-15', 1563204331),
(657, 1, '20160612_140359.jpg', ' ', NULL, '', 1, 1563204333, '2019-07-15', 1563204333),
(658, 1, '20160618_122927.jpg', 'SAMSUNG SM-G361F', NULL, '', 1, 1466242166, '2016-06-18', 1563204335),
(659, 1, '20160618_123024.jpg', 'SAMSUNG SM-G361F', NULL, '', 1, 1466242224, '2016-06-18', 1563204336),
(660, 1, '20160621_203907.jpg', ' ', NULL, '', 1, 1563204338, '2019-07-15', 1563204338),
(661, 1, '20160621_203922.jpg', ' ', NULL, '', 1, 1563204339, '2019-07-15', 1563204340),
(662, 1, '20160621_203925.jpg', ' ', NULL, '', 1, 1563204340, '2019-07-15', 1563204341),
(663, 1, '20160621_204025.jpg', ' ', NULL, '', 1, 1563204342, '2019-07-15', 1563204342),
(664, 1, '20160621_204040.jpg', ' ', NULL, '', 1, 1563204344, '2019-07-15', 1563204344),
(665, 1, '20160621_204109.jpg', ' ', NULL, '', 1, 1563204346, '2019-07-15', 1563204346),
(666, 1, '20160621_204120.jpg', ' ', NULL, '', 1, 1563204348, '2019-07-15', 1563204348),
(667, 1, '20160621_204218.jpg', ' ', NULL, '', 1, 1563204349, '2019-07-15', 1563204349),
(668, 1, '20160621_204244.jpg', ' ', NULL, '', 1, 1563204350, '2019-07-15', 1563204350);
INSERT INTO `media` (`id`, `uid`, `filename`, `camera`, `description`, `location`, `cat`, `taken`, `takend`, `created`) VALUES
(669, 1, '20160624_202324.jpg', ' ', NULL, '', 1, 1563204352, '2019-07-15', 1563204352),
(670, 1, '20160624_202340.jpg', ' ', NULL, '', 1, 1563204353, '2019-07-15', 1563204354),
(671, 1, '20160624_202351.jpg', ' ', NULL, '', 1, 1563204357, '2019-07-15', 1563204357),
(672, 1, '20160624_220800.jpg', ' ', NULL, '', 1, 1563204360, '2019-07-15', 1563204360),
(673, 1, '20160624_220803.jpg', ' ', NULL, '', 1, 1563204363, '2019-07-15', 1563204364),
(674, 1, '20160802_140840.jpg', ' ', NULL, '', 1, 1563204482, '2019-07-15', 1563204482),
(675, 1, '20160802_140842.jpg', ' ', NULL, '', 1, 1563204483, '2019-07-15', 1563204484),
(676, 1, '20160802_140850.jpg', ' ', NULL, '', 1, 1563204485, '2019-07-15', 1563204485),
(677, 1, '20160731_145518.jpg', ' ', NULL, '', 1, 1563204487, '2019-07-15', 1563204487),
(678, 1, '20160731_145557.jpg', ' ', NULL, '', 1, 1563204489, '2019-07-15', 1563204489),
(679, 1, '20160731_145609.jpg', ' ', NULL, '', 1, 1563204491, '2019-07-15', 1563204491),
(680, 1, '20160731_145615.jpg', ' ', NULL, '', 1, 1563204492, '2019-07-15', 1563204492),
(681, 1, '20160731_145910.jpg', ' ', NULL, '', 1, 1563204494, '2019-07-15', 1563204494),
(682, 1, '20160801_152451.jpg', ' ', NULL, '', 1, 1563204501, '2019-07-15', 1563204502),
(683, 1, '20160801_152511.jpg', ' ', NULL, '', 1, 1563204505, '2019-07-15', 1563204506),
(684, 1, '20160801_152516.jpg', ' ', NULL, '', 1, 1563204510, '2019-07-15', 1563204510),
(685, 1, '20160801_185301.jpg', ' ', NULL, '', 1, 1563204513, '2019-07-15', 1563204513),
(686, 1, '20160801_185325.jpg', ' ', NULL, '', 1, 1563204516, '2019-07-15', 1563204516),
(687, 1, '20160801_185400.jpg', ' ', NULL, '', 1, 1563204518, '2019-07-15', 1563204518),
(688, 1, '20160801_185407.jpg', ' ', NULL, '', 1, 1563204520, '2019-07-15', 1563204520),
(689, 1, '20160801_185414.jpg', ' ', NULL, '', 1, 1563204522, '2019-07-15', 1563204522),
(690, 1, '20160802_140814.jpg', ' ', NULL, '', 1, 1563204526, '2019-07-15', 1563204526),
(691, 1, '20160814_163932.jpg', 'SAMSUNG SM-G361F', NULL, '', 1, 1471181972, '2016-08-14', 1563204626),
(692, 1, '20160814_163935.jpg', 'SAMSUNG SM-G361F', NULL, '', 1, 1471181975, '2016-08-14', 1563204627),
(693, 1, '20160814_164236.jpg', ' ', NULL, '', 1, 1563204629, '2019-07-15', 1563204629),
(694, 1, '20160814_191300.jpg', 'SAMSUNG SM-G361F', NULL, '', 1, 1471191180, '2016-08-14', 1563204630),
(695, 1, '20160814_191353.jpg', ' ', NULL, '', 1, 1563204631, '2019-07-15', 1563204631),
(696, 1, '20160815_184435.jpg', 'SAMSUNG SM-G361F', NULL, '', 1, 1471275875, '2016-08-15', 1563204633),
(697, 1, '20160802_143546.jpg', 'SAMSUNG SM-G361F', NULL, '', 1, 1470137746, '2016-08-02', 1563204635),
(698, 1, '20160803_153818.jpg', ' ', NULL, '', 1, 1563204636, '2019-07-15', 1563204637),
(699, 1, '20160814_112056.jpg', ' ', NULL, '', 1, 1563204639, '2019-07-15', 1563204639),
(700, 1, '20160814_112134.jpg', 'SAMSUNG SM-G361F', NULL, '', 1, 1471162893, '2016-08-14', 1563204642),
(701, 1, '20160814_112141.jpg', 'SAMSUNG SM-G361F', NULL, '', 1, 1471162900, '2016-08-14', 1563204643),
(702, 1, '20160814_112203.jpg', 'SAMSUNG SM-G361F', NULL, '', 1, 1471162922, '2016-08-14', 1563204645),
(705, 1, '20160814_125343.jpg', ' ', NULL, '', 1, 1563204651, '2019-07-15', 1563204651),
(706, 1, '20160817_181120.jpg', ' ', NULL, '', 1, 1563204840, '2019-07-15', 1563204840),
(707, 1, '20160817_181128.jpg', ' ', NULL, '', 1, 1563204844, '2019-07-15', 1563204844),
(708, 1, '20160817_181132.jpg', ' ', NULL, '', 1, 1563204846, '2019-07-15', 1563204846),
(709, 1, '20160817_181135.jpg', ' ', NULL, '', 1, 1563204848, '2019-07-15', 1563204848),
(710, 1, '20160817_181138.jpg', ' ', NULL, '', 1, 1563204849, '2019-07-15', 1563204849),
(711, 1, '20160817_181148.jpg', ' ', NULL, '', 1, 1563204851, '2019-07-15', 1563204851),
(712, 1, '20160817_181153.jpg', ' ', NULL, '', 1, 1563204854, '2019-07-15', 1563204854),
(713, 1, '20160815_184439.jpg', 'SAMSUNG SM-G361F', NULL, '', 1, 1471275879, '2016-08-15', 1563204856),
(714, 1, '20160816_193759.jpg', ' ', NULL, 'Σκουλούφια', 1, 1563204858, '2019-07-15', 1563204858),
(715, 1, '20160816_194034.jpg', ' ', NULL, 'Σκουλούφια', 1, 1563204860, '2019-07-15', 1563204860),
(716, 1, '20160816_194129.jpg', ' ', NULL, 'Σκουλούφια', 1, 1563204862, '2019-07-15', 1563204862),
(717, 1, '20160816_194132.jpg', ' ', NULL, 'Σκουλούφια', 1, 1563204863, '2019-07-15', 1563204863),
(719, 1, '20160817_181110.jpg', ' ', NULL, '', 1, 1563204867, '2019-07-15', 1563204867),
(720, 1, '20160817_181112.jpg', ' ', NULL, '', 1, 1563204868, '2019-07-15', 1563204868),
(722, 1, '20160821_174022.jpg', 'SAMSUNG SM-G361F', NULL, '', 1, 1471790421, '2016-08-21', 1563204972),
(723, 1, '20160821_174053.jpg', 'SAMSUNG SM-G361F', NULL, '', 1, 1471790452, '2016-08-21', 1563204973),
(724, 1, '20160821_174109.jpg', 'SAMSUNG SM-G361F', NULL, '', 1, 1471790468, '2016-08-21', 1563204974),
(725, 1, '20160821_174146.jpg', 'SAMSUNG SM-G361F', NULL, '', 1, 1471790505, '2016-08-21', 1563204976),
(726, 1, '20160821_174148.jpg', 'SAMSUNG SM-G361F', NULL, '', 1, 1471790508, '2016-08-21', 1563204977),
(727, 1, '20160821_174300.jpg', ' ', NULL, '', 1, 1563204980, '2019-07-15', 1563204980),
(728, 1, '20160821_174308.jpg', 'SAMSUNG SM-G361F', NULL, '', 1, 1471790587, '2016-08-21', 1563204981),
(729, 1, '20160821_174350.jpg', 'SAMSUNG SM-G361F', NULL, '', 1, 1471790629, '2016-08-21', 1563204982),
(730, 1, '20160821_174403.jpg', 'SAMSUNG SM-G361F', NULL, '', 1, 1471790642, '2016-08-21', 1563204984),
(731, 1, '20160821_174508.jpg', 'SAMSUNG SM-G361F', NULL, '', 1, 1471790707, '2016-08-21', 1563204986),
(732, 1, '20160817_181155.jpg', ' ', NULL, '', 1, 1563204987, '2019-07-15', 1563204988),
(733, 1, '20160817_181202.jpg', ' ', NULL, '', 1, 1563204990, '2019-07-15', 1563204990),
(734, 1, '20160817_181210.jpg', ' ', NULL, '', 1, 1563204992, '2019-07-15', 1563204992),
(735, 1, '20160817_181216.jpg', ' ', NULL, '', 1, 1563204994, '2019-07-15', 1563204994),
(736, 1, '20160817_181312.jpg', ' ', NULL, '', 1, 1563204995, '2019-07-15', 1563204995),
(740, 1, '20160817_182034.jpg', ' ', NULL, '', 1, 1563205001, '2019-07-15', 1563205001),
(746, 1, '20160817_182638.jpg', ' ', NULL, '', 1, 1563205015, '2019-07-15', 1563205015),
(747, 1, '20160817_182939.jpg', ' ', NULL, '', 1, 1563205020, '2019-07-15', 1563205020),
(748, 1, '20160817_183020.jpg', 'SAMSUNG SM-G361F', NULL, '', 1, 1471447820, '2016-08-17', 1563205022),
(749, 1, '20160819_145514.jpg', ' ', NULL, 'Αργυρούπολη Ρέθυμνο', 1, 1563205023, '2019-07-15', 1563205023),
(750, 1, '20160819_145529.jpg', 'SAMSUNG SM-G361F', NULL, '', 1, 1471607729, '2016-08-19', 1563205024),
(751, 1, '20160819_145659.jpg', ' ', NULL, 'Αργυρούπολη Ρέθυμνο', 1, 1563205027, '2019-07-15', 1563205027),
(752, 1, '20160819_150922.jpg', ' ', NULL, '', 1, 1563205030, '2019-07-15', 1563205030),
(753, 1, '20160819_150929.jpg', ' ', NULL, '', 1, 1563205032, '2019-07-15', 1563205032),
(754, 1, '20160819_151909.jpg', ' ', NULL, '', 1, 1563205035, '2019-07-15', 1563205035),
(755, 1, '20160819_151925.jpg', ' ', NULL, '', 1, 1563205037, '2019-07-15', 1563205037),
(756, 1, '20160819_151953.jpg', 'SAMSUNG SM-G361F', NULL, '', 1, 1471609192, '2016-08-19', 1563205038),
(757, 1, '20160819_152005.jpg', 'SAMSUNG SM-G361F', NULL, '', 1, 1471609205, '2016-08-19', 1563205040),
(762, 1, '20160819_164046.jpg', ' ', NULL, '', 1, 1563205053, '2019-07-15', 1563205053),
(764, 1, '20160819_164144.jpg', 'SAMSUNG SM-G361F', NULL, '', 1, 1471614103, '2016-08-19', 1563205056),
(765, 1, '20160819_164058.jpg', ' ', NULL, '', 1, 1563205057, '2019-07-15', 1563205057),
(767, 1, '20160819_164220.jpg', ' ', NULL, 'Σκουλούφια', 1, 1563205061, '2019-07-15', 1563205061),
(768, 1, '20160820_163848.jpg', 'SAMSUNG SM-G361F', NULL, '', 1, 1471700328, '2016-08-20', 1563205065),
(769, 1, '20160820_163858.jpg', 'SAMSUNG SM-G361F', NULL, '', 1, 1471700338, '2016-08-20', 1563205066),
(772, 1, '20160821_173926.jpg', ' ', NULL, 'Χρυσή Άμμος Ρέθυμνο', 1, 1563205072, '2019-07-15', 1563205072),
(773, 1, '20160821_173958.jpg', ' ', NULL, '', 1, 1563205074, '2019-07-15', 1563205074),
(774, 1, '20161015_155056.jpg', ' ', NULL, 'Allou', 1, 1563205548, '2019-07-15', 1563205548),
(775, 1, '20161015_162152.jpg', ' ', NULL, 'Allou', 1, 1563205551, '2019-07-15', 1563205551),
(776, 1, '20161015_162155.jpg', ' ', NULL, 'Allou', 1, 1563205552, '2019-07-15', 1563205552),
(777, 1, '20161023_153532.jpg', 'SAMSUNG SM-G361F', NULL, '', 1, 1477226131, '2016-10-23', 1563205554),
(778, 1, '20161023_153538.jpg', 'SAMSUNG SM-G361F', NULL, '', 1, 1477226137, '2016-10-23', 1563205556),
(779, 1, '20161024_191510.jpg', ' ', NULL, 'Allandin Καλλιθέα', 1, 1563205559, '2019-07-15', 1563205559),
(780, 1, '20161024_191518.jpg', ' ', NULL, 'Allandin Καλλιθέα', 1, 1563205560, '2019-07-15', 1563205560),
(781, 1, '20161026_194233.jpg', ' ', NULL, 'Allandin Καλλιθέα', 1, 1563205562, '2019-07-15', 1563205562),
(782, 1, '20161014_190503.jpg', ' ', NULL, '', 1, 1563205564, '2019-07-15', 1563205564),
(783, 1, '20161015_153657.jpg', ' ', NULL, '', 1, 1563205566, '2019-07-15', 1563205566),
(784, 1, '20161015_154335.jpg', ' ', NULL, '', 1, 1563205567, '2019-07-15', 1563205567),
(788, 1, '20161008_184624.jpg', 'SAMSUNG SM-G361F', NULL, '', 2, 1475941584, '2016-10-08', 1563206015),
(789, 1, '20161008_184629.jpg', 'SAMSUNG SM-G361F', NULL, '', 2, 1475941589, '2016-10-08', 1563206019),
(790, 1, '20161008_184718.jpg', 'SAMSUNG SM-G361F', NULL, '', 2, 1475941638, '2016-10-08', 1563206022),
(791, 1, '20161014_190503 (1).jpg', 'SAMSUNG SM-G361F', NULL, '', 1, 1476461102, '2016-10-14', 1563206071),
(792, 1, '20161015_153657 (1).jpg', 'SAMSUNG SM-G361F', NULL, '', 1, 1476535016, '2016-10-15', 1563206074),
(793, 1, '20161015_154335 (1).jpg', 'SAMSUNG SM-G361F', NULL, '', 1, 1476535415, '2016-10-15', 1563206075),
(794, 1, '20161015_155056 (1).jpg', 'SAMSUNG SM-G361F', NULL, '', 1, 1476535856, '2016-10-15', 1563206077),
(795, 1, '20161015_162152 (1).jpg', 'SAMSUNG SM-G361F', NULL, '', 1, 1476537711, '2016-10-15', 1563206079),
(796, 1, '20161015_162155 (1).jpg', 'SAMSUNG SM-G361F', NULL, '', 1, 1476537714, '2016-10-15', 1563206081),
(797, 1, '20161029_135943.jpg', 'SAMSUNG SM-G361F', NULL, '', 1, 1477738782, '2016-10-29', 1563206115),
(798, 1, '20161031_184905.jpg', 'SAMSUNG SM-G361F', NULL, '', 1, 1477932544, '2016-10-31', 1563206117),
(799, 1, '20161031_195201.jpg', 'SAMSUNG SM-G361F', NULL, '', 1, 1477936321, '2016-10-31', 1563206118),
(800, 1, '20161031_195221.jpg', 'SAMSUNG SM-G361F', NULL, '', 1, 1477936341, '2016-10-31', 1563206120),
(801, 1, '20161031_195228.jpg', 'SAMSUNG SM-G361F', NULL, '', 1, 1477936347, '2016-10-31', 1563206121),
(802, 1, '20161102_191625.jpg', 'SAMSUNG SM-G361F', NULL, '', 1, 1478106984, '2016-11-02', 1563206122),
(803, 1, '20161102_191630.jpg', 'SAMSUNG SM-G361F', NULL, '', 1, 1478106989, '2016-11-02', 1563206124),
(804, 1, '20161106_141123.jpg', 'SAMSUNG SM-G361F', NULL, '', 1, 1478434282, '2016-11-06', 1563206126),
(805, 1, '20161106_141140.jpg', 'SAMSUNG SM-G361F', NULL, '', 1, 1478434299, '2016-11-06', 1563206129),
(806, 1, '20161106_141202.jpg', 'SAMSUNG SM-G361F', NULL, '', 1, 1478434320, '2016-11-06', 1563206132),
(807, 1, '20161106_163924.jpg', 'SAMSUNG SM-G361F', NULL, '', 1, 1478443162, '2016-11-06', 1563206134),
(808, 1, '20161106_163929.jpg', 'SAMSUNG SM-G361F', NULL, '', 1, 1478443168, '2016-11-06', 1563206137),
(809, 1, '20161106_163933.jpg', 'SAMSUNG SM-G361F', NULL, '', 1, 1478443172, '2016-11-06', 1563206139),
(810, 1, '20161107_193503.jpg', 'SAMSUNG SM-G361F', NULL, '', 1, 1478540103, '2016-11-07', 1563206142),
(811, 1, '20161107_193516.jpg', 'SAMSUNG SM-G361F', NULL, '', 1, 1478540115, '2016-11-07', 1563206144),
(812, 1, '20161107_193547.jpg', 'SAMSUNG SM-G361F', NULL, '', 1, 1478540146, '2016-11-07', 1563206146),
(813, 1, '20161023_153532 (1).jpg', 'SAMSUNG SM-G361F', NULL, '', 1, 1477226131, '2016-10-23', 1563206147),
(814, 1, '20161023_153538 (1).jpg', 'SAMSUNG SM-G361F', NULL, '', 1, 1477226137, '2016-10-23', 1563206153),
(815, 1, '20161023_160045.jpg', 'SAMSUNG SM-G361F', NULL, '', 1, 1477227644, '2016-10-23', 1563206154),
(816, 1, '20161024_191510 (1).jpg', 'SAMSUNG SM-G361F', NULL, '', 1, 1477325708, '2016-10-24', 1563206155),
(817, 1, '20161024_191518 (1).jpg', 'SAMSUNG SM-G361F', NULL, '', 1, 1477325717, '2016-10-24', 1563206156),
(818, 1, '20161026_194233 (1).jpg', 'SAMSUNG SM-G361F', NULL, '', 1, 1477500152, '2016-10-26', 1563206158),
(819, 1, '20161026_194418.jpg', 'SAMSUNG SM-G361F', NULL, '', 1, 1477500256, '2016-10-26', 1563206159),
(820, 1, '20161026_194711.jpg', 'SAMSUNG SM-G361F', NULL, '', 1, 1477500431, '2016-10-26', 1563206160),
(821, 1, '20161026_202552.jpg', 'SAMSUNG SM-G361F', NULL, '', 1, 1477502752, '2016-10-26', 1563206162),
(822, 1, '20161026_202557.jpg', 'SAMSUNG SM-G361F', NULL, '', 1, 1477502756, '2016-10-26', 1563206166),
(823, 1, '20161026_202616.jpg', 'SAMSUNG SM-G361F', NULL, '', 1, 1477502775, '2016-10-26', 1563206167),
(824, 1, '20161026_202641.jpg', 'SAMSUNG SM-G361F', NULL, '', 1, 1477502800, '2016-10-26', 1563206168),
(825, 1, '20161029_132353.jpg', 'SAMSUNG SM-G361F', NULL, '', 1, 1477736632, '2016-10-29', 1563206169),
(826, 1, '20161022_172024.jpg', 'SAMSUNG SM-G361F', NULL, '', 2, 1477146023, '2016-10-22', 1563206297),
(827, 1, '20161022_171829.jpg', 'SAMSUNG SM-G361F', NULL, '', 2, 1477145908, '2016-10-22', 1563206298),
(828, 1, '20161022_171905.jpg', 'SAMSUNG SM-G361F', NULL, '', 2, 1477145944, '2016-10-22', 1563206300),
(832, 1, 'IMG_0002.JPG', 'Apple iPad', NULL, 'Ποσειδώνος Αμφιθέα Παλαιό Φάληρο Αττική', 1, 1451129555, '2015-12-26', 1563206496),
(833, 1, 'IMG_0003.JPG', 'Apple iPad', NULL, '', 1, 1451129580, '2015-12-26', 1563206498),
(835, 1, 'IMG_0007.JPG', 'Apple iPad', NULL, '', 1, 1451129657, '2015-12-26', 1563206500),
(836, 1, 'IMG_0008.JPG', 'Apple iPad', NULL, '', 1, 1451129662, '2015-12-26', 1563206501),
(837, 1, 'IMG_0009.JPG', 'Apple iPad', NULL, '', 1, 1451129662, '2015-12-26', 1563206502),
(839, 1, 'IMG_0011.JPG', 'Apple iPad', NULL, '', 1, 1451129686, '2015-12-26', 1563206504),
(842, 1, 'IMG_0014.JPG', 'Apple iPad', NULL, '', 1, 1451129862, '2015-12-26', 1563206508),
(843, 1, '1563210261834-2134394381.jpg', 'samsung SM-J320FN', NULL, '', 2, 1563210316, '2019-07-15', 1563210347),
(844, 1, 'image-0-02-04-c0f109ac50125c73c61f03d63edf37d87d45a606e176a5bce5218eb3bb01368d-V.jpg', ' ', NULL, '', 2, 1563211396, '2019-07-15', 1563211396),
(845, 1, 'image-0-02-05-1a7b2c4e4fe77b2bc0822efaccf214bfb5e733cd8b7f3c7e393f391782e516a1-V.jpg', ' ', NULL, '', 2, 1563211397, '2019-07-15', 1563211397),
(846, 1, 'media-share-0-02-05-978a3215514fb3c99a4f138240c0114d3a1cc780de3e325edde70e89d7a5e3d9-87c006d6-d769-43fe-b9aa-9cf77b0c8f77.jpg', ' ', NULL, '', 2, 1563211399, '2019-07-15', 1563211399),
(850, 1, '20180402_151230.jpg', 'samsung SM-J320FN', NULL, 'Τράπεζα - Καλάβρυτα κ. Κάτω Ζαχλωρούς  Πελοπόννησος, Δυτική Ελλάδα και Ιόνιο', 2, 1522671150, '2018-04-02', 1563211514),
(851, 1, '20180402_151324.jpg', 'samsung SM-J320FN', NULL, '', 2, 1522671204, '2018-04-02', 1563211517),
(852, 1, '20180402_151327.jpg', 'samsung SM-J320FN', NULL, '', 2, 1522671207, '2018-04-02', 1563211520),
(853, 1, '20180402_151418.jpg', 'samsung SM-J320FN', NULL, 'Τράπεζα - Καλάβρυτα κ. Κάτω Ζαχλωρούς  Πελοπόννησος, Δυτική Ελλάδα και Ιόνιο', 2, 1522671258, '2018-04-02', 1563211522),
(854, 1, '20180403_113232.jpg', 'samsung SM-J320FN', NULL, 'Καλάβρυτα - Κλειτορία κ. Καλαβρύτων  Πελοπόννησος, Δυτική Ελλάδα και Ιόνιο', 2, 1522744352, '2018-04-03', 1563211524),
(855, 1, '20180403_113237.jpg', 'samsung SM-J320FN', NULL, '', 2, 1522744357, '2018-04-03', 1563211525),
(856, 1, '20180403_113305.jpg', 'samsung SM-J320FN', NULL, '', 2, 1522744385, '2018-04-03', 1563211529),
(857, 1, '20180403_113357.jpg', 'samsung SM-J320FN', NULL, '', 2, 1522744437, '2018-04-03', 1563211532),
(858, 1, '20180403_113430.jpg', 'samsung SM-J320FN', NULL, 'Καλάβρυτα - Κλειτορία κ. Καλαβρύτων  Πελοπόννησος, Δυτική Ελλάδα και Ιόνιο', 2, 1522744470, '2018-04-03', 1563211536),
(859, 1, '20180403_113451.jpg', 'samsung SM-J320FN', NULL, '', 2, 1522744491, '2018-04-03', 1563211541),
(860, 1, '20180403_113501.jpg', 'samsung SM-J320FN', NULL, '', 2, 1522744501, '2018-04-03', 1563211543),
(861, 1, '20180403_113514.jpg', 'samsung SM-J320FN', NULL, 'Καλάβρυτα - Κλειτορία κ. Καλαβρύτων  Πελοπόννησος, Δυτική Ελλάδα και Ιόνιο', 2, 1522744514, '2018-04-03', 1563211545),
(862, 1, 'IMG-2e5012ba23197620ed1f14ab04e6f094-V.jpg', ' ', NULL, '', 2, 1563211549, '2019-07-15', 1563211549),
(863, 1, 'IMG-2636c94503cbf6ec70fc1c58fb8efcab-V.jpg', ' ', NULL, '', 2, 1563211552, '2019-07-15', 1563211552),
(864, 1, 'IMG-256712fb033b7f38fb2227460cd69235-V.jpg', ' ', NULL, '', 2, 1563211554, '2019-07-15', 1563211554),
(865, 1, 'IMG-a53f31a4bc0999bd0247bd39c013f609-V.jpg', ' ', NULL, '', 2, 1563211556, '2019-07-15', 1563211556),
(866, 1, 'IMG-bdeb6d6d1f93fbd0737c48f35565edef-V.jpg', ' ', NULL, '', 2, 1563211558, '2019-07-15', 1563211558),
(867, 1, 'IMG-d5c881e8714092f5ff65582f094543c9-V.jpg', ' ', NULL, '', 2, 1563211560, '2019-07-15', 1563211560),
(868, 1, '20180413_161330.jpg', 'samsung SM-J320FN', NULL, 'ΕΠ12   Αττική', 2, 1523625208, '2018-04-13', 1563211629),
(869, 1, '20180413_161351.jpg', 'samsung SM-J320FN', NULL, 'ΕΠ12   Αττική', 2, 1523625230, '2018-04-13', 1563211630),
(870, 1, 'IMG-0b96d3b021254a6ff8fe3386eec051b3-V.jpg', ' ', NULL, '', 2, 1563211680, '2019-07-15', 1563211680),
(871, 1, 'IMG-1e393986e0e5911a5ea2c018cf04a7c3-V.jpg', ' ', NULL, '', 2, 1563211683, '2019-07-15', 1563211683),
(872, 1, 'IMG-2e9544f8baa109d0fa1345bfb1500ef2-V.jpg', ' ', NULL, '', 2, 1563211691, '2019-07-15', 1563211691),
(873, 1, 'IMG-5b3dfbfb79cd119d703b9c17d9d4373a-V.jpg', ' ', NULL, '', 2, 1563211693, '2019-07-15', 1563211693),
(874, 1, 'IMG-5d1de05d74108205ee75a683388de952-V.jpg', ' ', NULL, '', 2, 1563211696, '2019-07-15', 1563211696),
(875, 1, 'IMG-6b57942942c29115af5495182a896a33-V.jpg', ' ', NULL, '', 2, 1563211698, '2019-07-15', 1563211698),
(876, 1, 'IMG-46ac64adf3f24772034d0a31a278203a-V.jpg', ' ', NULL, '', 2, 1563211701, '2019-07-15', 1563211701),
(877, 1, 'IMG-84eab877d59bb5233056e0468832b597-V.jpg', 'samsung SM-J320FN', NULL, '', 2, 1521489198, '2018-03-19', 1563211704),
(878, 1, 'IMG-86db58727167a2bc8aeb2379f7746c12-V.jpg', ' ', NULL, '', 2, 1563211705, '2019-07-15', 1563211705),
(879, 1, 'IMG-207c6d04b59cf7284aeccf4d06b2b9cb-V.jpg', ' ', NULL, '', 2, 1563211708, '2019-07-15', 1563211708),
(880, 1, 'IMG-754bded139c7badd5653dff985000390-V.jpg', ' ', NULL, '', 2, 1563211710, '2019-07-15', 1563211710),
(882, 1, 'IMG-5651fc9b3c3ea5cdef4d9e2e22316abc-V.jpg', ' ', NULL, '', 2, 1563211713, '2019-07-15', 1563211713),
(883, 1, 'IMG-6572dfba379152524f8d14d2ac7a2edc-V.jpg', ' ', NULL, '', 2, 1563211715, '2019-07-15', 1563211715),
(884, 1, 'IMG-9484fb04ec9d830bcd2589f08fb9a1e3-V.jpg', ' ', NULL, '', 2, 1563211717, '2019-07-15', 1563211717),
(885, 1, 'IMG-882972e0c5c28388cd0b608fe5e50413-V.jpg', ' ', NULL, '', 2, 1563211719, '2019-07-15', 1563211719),
(886, 1, 'IMG-984680ac39ff8ca76dff528f63997888-V.jpg', ' ', NULL, '', 2, 1563211721, '2019-07-15', 1563211721),
(887, 1, 'IMG-a29e3021fad1fb266b87c92788259448-V.jpg', ' ', NULL, '', 2, 1563211726, '2019-07-15', 1563211726),
(888, 1, 'IMG-a776ae2e77121106dbef30bf6b5b3306-V.jpg', ' ', NULL, '', 2, 1563211729, '2019-07-15', 1563211729),
(889, 1, 'IMG-afd2f0c82a8b0209a6ae7a58007a74dd-V.jpg', ' ', NULL, '', 2, 1563211731, '2019-07-15', 1563211731),
(890, 1, 'IMG-b7c61092c48657691c2f85c011eb6250-V.jpg', ' ', NULL, '', 2, 1563211733, '2019-07-15', 1563211733),
(891, 1, 'IMG-bea466925feff4dd6fc9f2b4f6d56e42-V.jpg', ' ', NULL, '', 2, 1563211739, '2019-07-15', 1563211739),
(892, 1, 'IMG-c8b2ec20c785b1c99efb56b89eb7b2e8-V.jpg', ' ', NULL, '', 2, 1563211743, '2019-07-15', 1563211743),
(893, 1, 'IMG-c55ab4e233b320852034c77dab488259-V.jpg', ' ', NULL, '', 2, 1563211745, '2019-07-15', 1563211745),
(894, 1, 'IMG-c1057aa6b7d265c63f3eb3f79a54d5be-V.jpg', ' ', NULL, '', 2, 1563211747, '2019-07-15', 1563211747),
(895, 1, 'IMG-d7d26f11750dec941bf865e725048ffa-V.jpg', ' ', NULL, '', 2, 1563211749, '2019-07-15', 1563211749),
(896, 1, 'IMG-daf9419678a58c11219a337132e28b4b-V.jpg', ' ', NULL, '', 2, 1563211752, '2019-07-15', 1563211752),
(897, 1, 'IMG-fda6aa07ef32afc445a46154b18ef8b6-V.jpg', ' ', NULL, '', 2, 1563211754, '2019-07-15', 1563211754),
(898, 1, '20180205_121307.jpg', 'samsung SM-J320FN', NULL, 'Ακτή Θεμιστοκλέους Νέο Φάληρο Πειραιάς Αττική', 2, 1517825587, '2018-02-05', 1563211883),
(908, 1, '20180318_020810.jpg', 'samsung SM-J320FN', NULL, 'Κεραμεικού Ρουφ 3º Δημοτικό Διαμέρισμα Αττική', 2, 1521331690, '2018-03-18', 1563215192),
(909, 1, '20180318_020856.jpg', 'samsung SM-J320FN', NULL, 'Λεωνίδου Ρουφ 3º Δημοτικό Διαμέρισμα Αττική', 2, 1521331736, '2018-03-18', 1563215193),
(910, 1, '20180318_021039.jpg', 'samsung SM-J320FN', NULL, 'Κεραμεικού Ρουφ 3º Δημοτικό Διαμέρισμα Αττική', 2, 1521331839, '2018-03-18', 1563215194),
(911, 1, '20180318_021232.jpg', 'samsung SM-J320FN', NULL, 'Λεωνίδου Ρουφ 3º Δημοτικό Διαμέρισμα Αττική', 2, 1521331950, '2018-03-18', 1563215196),
(912, 1, '20180318_021236.jpg', 'samsung SM-J320FN', NULL, 'Λεωνίδου Ρουφ 3º Δημοτικό Διαμέρισμα Αττική', 2, 1521331954, '2018-03-18', 1563215226),
(913, 1, '20180318_021250.jpg', 'samsung SM-J320FN', NULL, 'Λεωνίδου Ρουφ 3º Δημοτικό Διαμέρισμα Αττική', 2, 1521331969, '2018-03-18', 1563215228),
(914, 1, '20180318_021255.jpg', 'samsung SM-J320FN', NULL, 'Λεωνίδου Ρουφ 3º Δημοτικό Διαμέρισμα Αττική', 2, 1521331974, '2018-03-18', 1563215230),
(915, 1, '20180318_021314.jpg', 'samsung SM-J320FN', NULL, 'Λεωνίδου Ρουφ 3º Δημοτικό Διαμέρισμα Αττική', 2, 1521331993, '2018-03-18', 1563215231),
(916, 1, '20180318_021321.jpg', 'samsung SM-J320FN', NULL, 'Λεωνίδου Ρουφ 3º Δημοτικό Διαμέρισμα Αττική', 2, 1521332000, '2018-03-18', 1563215233),
(917, 1, '20180318_021343.jpg', 'samsung SM-J320FN', NULL, 'Λεωνίδου Ρουφ 3º Δημοτικό Διαμέρισμα Αττική', 2, 1521332021, '2018-03-18', 1563215235),
(918, 1, '20180325_141106.jpg', 'samsung SM-J320FN', NULL, 'Ποσειδώνος Αμφιθέα Παλαιό Φάληρο Αττική', 2, 1521976266, '2018-03-25', 1563215236),
(919, 1, 'IMG-3ea0804fffd2e0ec6e61635d04275f45-V.jpg', ' ', NULL, '', 2, 1563215237, '2019-07-15', 1563215237),
(920, 1, 'IMG-6de089d28af18100ca368c74cf718c1a-V.jpg', ' ', NULL, '', 2, 1563215239, '2019-07-15', 1563215239),
(921, 1, 'IMG-9efb8f2a5559fd7eb1c4dec2fa127f01-V.jpg', ' ', NULL, '', 2, 1563215240, '2019-07-15', 1563215240),
(922, 1, 'IMG-033c36cb7fd848e999f3427cddab512b-V.jpg', 'samsung SM-J320FN', NULL, '', 2, 1522578535, '2018-04-01', 1563215244),
(923, 1, 'IMG-594c859ba44f523fcfc03cf2edf10ba1-V.jpg', ' ', NULL, '', 2, 1563215245, '2019-07-15', 1563215245),
(924, 1, 'IMG-e5fa94aba51e9c564dd83154425e9104-V.jpg', ' ', NULL, '', 2, 1563215250, '2019-07-15', 1563215250),
(925, 1, 'IMG-eecdfd5b8dbc09f0cd676661ddb5f041-V.jpg', 'samsung SM-J320FN', NULL, '', 2, 1521974904, '2018-03-25', 1563215253),
(926, 1, '20180211_193727.jpg', 'samsung SM-J320FN', NULL, 'Ναϊάδων Αμφιθέα Παλαιό Φάληρο Αττική', 2, 1518370646, '2018-02-11', 1563215255),
(927, 1, '20180217_112923.jpg', 'samsung SM-J320FN', NULL, 'Ναϊάδων Αμφιθέα Παλαιό Φάληρο Αττική', 2, 1518859762, '2018-02-17', 1563215257),
(928, 1, '20180223_172757.jpg', 'samsung SM-J320FN', NULL, '', 2, 1519399676, '2018-02-23', 1563215258),
(929, 1, '20180317_090111.jpg', 'samsung SM-J320FN', NULL, 'Ναϊάδων Αμφιθέα Παλαιό Φάληρο Αττική', 2, 1521270070, '2018-03-17', 1563215261),
(930, 1, '20180317_090116.jpg', 'samsung SM-J320FN', NULL, 'Ναϊάδων Αμφιθέα Παλαιό Φάληρο Αττική', 2, 1521270074, '2018-03-17', 1563215263),
(931, 1, '20180317_090120.jpg', 'samsung SM-J320FN', NULL, 'Ναϊάδων Αμφιθέα Παλαιό Φάληρο Αττική', 2, 1521270078, '2018-03-17', 1563215265),
(932, 1, '20180317_091332.jpg', 'samsung SM-J320FN', NULL, 'Ναϊάδων Αμφιθέα Παλαιό Φάληρο Αττική', 2, 1521270811, '2018-03-17', 1563215268),
(933, 1, '20180317_125012.jpg', 'samsung SM-J320FN', NULL, '', 2, 1521283812, '2018-03-17', 1563215268),
(934, 1, '20180317_125021(0).jpg', 'samsung SM-J320FN', NULL, '', 2, 1521283821, '2018-03-17', 1563215269),
(935, 1, '20180317_125021.jpg', 'samsung SM-J320FN', NULL, '', 2, 1521283821, '2018-03-17', 1563215270),
(936, 1, '20180318_020636.jpg', 'samsung SM-J320FN', NULL, 'Λεωνίδου Ρουφ 3º Δημοτικό Διαμέρισμα Αττική', 2, 1521331596, '2018-03-18', 1563215272),
(937, 1, '20180318_020703.jpg', 'samsung SM-J320FN', NULL, 'Λεωνίδου Ρουφ 3º Δημοτικό Διαμέρισμα Αττική', 2, 1521331623, '2018-03-18', 1563215273),
(938, 1, 'IMG-46ac64adf3f24772034d0a31a278203a-V (1).jpg', ' ', NULL, '', 2, 1563215340, '2019-07-15', 1563215341),
(939, 1, 'IMG-86db58727167a2bc8aeb2379f7746c12-V (1).jpg', ' ', NULL, '', 2, 1563215345, '2019-07-15', 1563215346),
(940, 1, 'IMG-207c6d04b59cf7284aeccf4d06b2b9cb-V (1).jpg', ' ', NULL, '', 2, 1563215347, '2019-07-15', 1563215347),
(941, 1, 'IMG-754bded139c7badd5653dff985000390-V (1).jpg', ' ', NULL, '', 2, 1563215349, '2019-07-15', 1563215349),
(942, 1, 'IMG-5651fc9b3c3ea5cdef4d9e2e22316abc-V (1).jpg', ' ', NULL, '', 2, 1563215351, '2019-07-15', 1563215351),
(944, 1, 'IMG-6572dfba379152524f8d14d2ac7a2edc-V (1).jpg', ' ', NULL, '', 2, 1563215355, '2019-07-15', 1563215355),
(945, 1, 'IMG-9484fb04ec9d830bcd2589f08fb9a1e3-V (1).jpg', ' ', NULL, '', 2, 1563215357, '2019-07-15', 1563215357),
(946, 1, 'IMG-882972e0c5c28388cd0b608fe5e50413-V (1).jpg', ' ', NULL, '', 2, 1563215358, '2019-07-15', 1563215358),
(947, 1, 'IMG-a29e3021fad1fb266b87c92788259448-V (1).jpg', ' ', NULL, '', 2, 1563215360, '2019-07-15', 1563215360),
(948, 1, 'IMG-984680ac39ff8ca76dff528f63997888-V (1).jpg', ' ', NULL, '', 2, 1563215361, '2019-07-15', 1563215361),
(949, 1, 'IMG-afd2f0c82a8b0209a6ae7a58007a74dd-V (1).jpg', ' ', NULL, '', 2, 1563215364, '2019-07-15', 1563215364),
(950, 1, 'IMG-b7c61092c48657691c2f85c011eb6250-V (1).jpg', ' ', NULL, '', 2, 1563215366, '2019-07-15', 1563215366),
(951, 1, 'IMG-bea466925feff4dd6fc9f2b4f6d56e42-V (1).jpg', ' ', NULL, '', 2, 1563215368, '2019-07-15', 1563215368),
(952, 1, 'IMG-c55ab4e233b320852034c77dab488259-V (1).jpg', ' ', NULL, '', 2, 1563215370, '2019-07-15', 1563215370),
(953, 1, 'IMG-0b96d3b021254a6ff8fe3386eec051b3-V (1).jpg', ' ', NULL, '', 2, 1563215376, '2019-07-15', 1563215376),
(954, 1, 'IMG-6b57942942c29115af5495182a896a33-V (1).jpg', ' ', NULL, '', 2, 1563215390, '2019-07-15', 1563215390),
(955, 1, 'IMG-31a31fc391dd7714ffd77d326d518bf2-V.jpg', ' ', NULL, '', 2, 1563215391, '2019-07-15', 1563215391),
(956, 1, '20180211_122643.jpg', 'samsung SM-J320FN', NULL, 'Ανδρέα Συγγρού  Καλλιθέα Αττική', 1, 1518344802, '2018-02-11', 1563215439),
(957, 1, '20180211_122653(0).jpg', 'samsung SM-J320FN', NULL, 'Ανδρέα Συγγρού  Καλλιθέα Αττική', 1, 1518344813, '2018-02-11', 1563215440),
(958, 1, '20180211_122653.jpg', 'samsung SM-J320FN', NULL, 'Ανδρέα Συγγρού  Καλλιθέα Αττική', 1, 1518344812, '2018-02-11', 1563215441),
(960, 1, '20180225_161244.jpg', 'samsung SM-J320FN', NULL, 'Ναϊάδων Αμφιθέα Παλαιό Φάληρο Αττική', 1, 1519567964, '2018-02-25', 1563215474),
(961, 1, '20180411_135629.jpg', 'samsung SM-J320FN', NULL, 'Ελευθερίου Βενιζέλου  Καλλιθέα Αττική', 1, 1523444188, '2018-04-11', 1563215476),
(962, 1, '20180411_135643.jpg', 'samsung SM-J320FN', NULL, 'Ελευθερίου Βενιζέλου  Καλλιθέα Αττική', 1, 1523444202, '2018-04-11', 1563215477),
(963, 1, '20180412_112224.jpg', 'samsung SM-J320FN', NULL, '', 1, 1523521342, '2018-04-12', 1563215478),
(964, 1, '20180412_112309.jpg', 'samsung SM-J320FN', NULL, '', 1, 1523521387, '2018-04-12', 1563215479),
(967, 1, '20180325_141106 (1).jpg', 'samsung SM-J320FN', NULL, 'Ποσειδώνος Αμφιθέα Παλαιό Φάληρο Αττική', 1, 1521976266, '2018-03-25', 1563215485),
(968, 1, '20180325_165010.jpg', 'samsung SM-J320FN', NULL, 'Ποσειδώνος Αμφιθέα Παλαιό Φάληρο Αττική', 1, 1521985810, '2018-03-25', 1563215487),
(969, 1, 'IMG-07e8cbd0bd8c373cf02451d8b8166aa8-V.jpg', ' ', NULL, '', 1, 1563215735, '2019-07-15', 1563215735),
(973, 1, 'IMG-774b18911f723bc14c4b55e9f450b11e-V.jpg', ' ', NULL, '', 1, 1563215741, '2019-07-15', 1563215741),
(974, 1, 'IMG-9186b6ac1e79765bdefb7bd6b36a5a57-V.jpg', 'samsung SM-J320FN', NULL, '', 1, 1521974860, '2018-03-25', 1563215743),
(976, 1, 'IMG-958840b4f6a384e5e68a8e7dcc26f76b-V.jpg', ' ', NULL, '', 1, 1563215753, '2019-07-15', 1563215753),
(977, 1, 'IMG-a4f2762feb8f6e5b26ec10d19df46920-V.jpg', 'samsung SM-J320FN', NULL, '', 1, 1523355944, '2018-04-10', 1563215755),
(981, 1, 'IMG-b9668946ceaa202e73bbf14b580c234b-V.jpg', ' ', NULL, '', 1, 1563215767, '2019-07-15', 1563215767),
(982, 1, 'IMG-c397d4c602a099acd1b6f03a514f3728-V.jpg', ' ', NULL, '', 1, 1563215769, '2019-07-15', 1563215769),
(984, 1, 'IMG-d892759d603a04f09f596163f7756a5a-V.jpg', 'samsung SM-J320FN', NULL, '', 1, 1521973170, '2018-03-25', 1563215773),
(988, 1, 'IMG-f75842aa80cdb9314c13c558960f05e3-V.jpg', ' ', NULL, '', 1, 1563215780, '2019-07-15', 1563215780),
(989, 1, 'bbb.jpg', ' ', NULL, '', 1, 1563215845, '2019-07-15', 1563215845),
(990, 1, 'media-share-0-02-04-0e768c1c13109e71e9c174d5e107a2e12b07a2fcb08a0c0f996fb9dbd2232657-96e30aa2-817d-488e-9b99-4f0e3f94b9ab.jpg', ' ', NULL, '', 1, 1563215880, '2019-07-15', 1563215880),
(991, 1, 'media-share-0-02-04-1e55d9e11d208616e9b0ef77ccda7bc10d8c927d5def639d370e79f0eb578a25-e493800f-47d8-4a88-9431-957afebcd8d1.jpg', ' ', NULL, '', 2, 1563215897, '2019-07-15', 1563215897),
(992, 1, 'media-share-0-02-04-1f3a2080fde403eb1a27f2c8f1755953eaa38f526e1f1f0a55f09edba1ed8e42-3a97c895-9bb0-49b6-94d4-a0176c3c4957.jpg', ' ', NULL, '', 2, 1563215899, '2019-07-15', 1563215899),
(993, 1, 'media-share-0-02-04-2a18d76208adec1b9bb13aa31e04e419e40cec32ed79d9d5555ebe89148ce774-70bac3e5-1057-4a32-a643-1811fd0021d0.jpg', ' ', NULL, 'Νηρέως 34 Π. Φάληρο', 1, 1563215954, '2019-07-15', 1563215954),
(994, 1, 'media-share-0-02-04-2d6539b156e410cf9b6cc5e2ec16ea65b0253fd2162189a1f5cf89b6d9560ed6-c49e103a-5e98-4e1a-a559-e0b04f7ef880.jpg', ' ', NULL, '', 2, 1563215980, '2019-07-15', 1563215980),
(995, 1, 'media-share-0-02-04-3dbbefeea1380834df9ad86cc43b10af040777bc0506041809062cee1fde9cc7-f56e2b0a-3203-480e-845a-36f9c16f29b6.jpg', ' ', 'μύλωνας', '', 1, 1563216000, '2019-07-15', 1563216000),
(996, 1, 'media-share-0-02-04-004fdafc11cf07713a720e638b9cd8f213c87d088ee534bac45e3f6e00372fe0-2cfea8e0-37bb-4117-93ec-a77bbfdba446.jpg', ' ', NULL, '', 2, 1563216020, '2019-07-15', 1563216020),
(997, 1, 'media-share-0-02-04-3eabd02e5d8e8ee24f90e2b73bbaed68164bf1cc048904c0507f3118bff1fa94-74e58ba5-4f1b-494c-8f2d-c2b0db9d392f.jpg', ' ', NULL, '', 2, 1563216037, '2019-07-15', 1563216037),
(998, 1, 'media-share-0-02-04-03ac237d127139270650b1490d78577ebb3b733ad453ed11a2e5dfd1271e799b-4b293d26-7c1c-4ccf-b642-69e56435a41a.jpg', ' ', NULL, '', 2, 1563216038, '2019-07-15', 1563216039),
(999, 1, 'media-share-0-02-04-5b808c900a4a79df5ea95aba7d2299d9ad171bece4e3928b46bd1a8c48f33433-0009072d-b887-48ec-b5d8-a8a51c0314c6.jpg', ' ', NULL, '', 2, 1563216069, '2019-07-15', 1563216069),
(1000, 1, 'media-share-0-02-04-5bafab57798d97ee03c88f1bcea4cc90ed046deadf2e76f13d136d0e0f1cc62b-52be8921-f179-439c-8fe9-be51cfe19392.jpg', ' ', NULL, '', 2, 1563216098, '2019-07-15', 1563216098),
(1001, 1, 'media-share-0-02-04-6afc018ea0eb77ec1a942fbdd2c3e0bf55c34f9f9b343b2af92d47bb5cc7a051-41ab2683-d27e-4fee-bc08-9cc8dc610e67.jpg', ' ', NULL, '', 2, 1563216100, '2019-07-15', 1563216100),
(1002, 1, 'media-share-0-02-04-6d8b1af38cc4741f9e874536e9ccfc6f513b0014cdb8664f92735a7c0487560b-13e409b2-e6f2-4029-9ce1-b182f273d1b2.jpg', ' ', NULL, '', 2, 1563216113, '2019-07-15', 1563216113),
(1003, 1, 'media-share-0-02-04-8d88f68cc33f9d9b4412b522b5fcf7c6f387a73e11027fcf89509e1f4efa10f0-802ba480-d050-4064-94a0-1ba9cedbbe0d.jpg', ' ', NULL, '', 2, 1563216154, '2019-07-15', 1563216154),
(1004, 1, 'media-share-0-02-04-9b78c50fedf77bf1b91919e21f7502d1f558733e5e4e8a67d379d1c21b2fb86e-3614ee2e-aeb8-48ec-8be3-8edd2661787e.jpg', ' ', NULL, '', 2, 1563216156, '2019-07-15', 1563216156),
(1005, 1, 'media-share-0-02-04-6e1afed36e4bdbb16c5f576be685d1c26e4f81ebd90df518a12253a0e5ed2eb8-997dcf84-ba12-4f12-87f3-aa2d49b66692.jpg', ' ', NULL, '', 2, 1563216157, '2019-07-15', 1563216157),
(1006, 1, 'media-share-0-02-04-6f44298b2620a0f047c4a8cf653ca12b7813b3d897d799b8fa7bedd20dfd572c-991ec987-169a-4627-921e-7c31230475a8.jpg', ' ', NULL, '', 2, 1563216159, '2019-07-15', 1563216159),
(1007, 1, 'media-share-0-02-04-6fa7d7cc2cfeab8cb204a152a3d683bcdea3fb94e906e309e910fbb4b3fe5d53-863b50c8-cae2-4df4-8518-dfff6deeebd5.jpg', ' ', NULL, '', 2, 1563216161, '2019-07-15', 1563216161),
(1008, 1, 'media-share-0-02-04-07c338bf935250beedde8b5031103a99d34d521a8a9ffdd204e87cfdbbdf702b-2c5089d6-a848-4053-abee-5454fdf4e8e3.jpg', ' ', NULL, '', 2, 1563216163, '2019-07-15', 1563216163),
(1009, 1, 'media-share-0-02-04-7cb5513c7b86e1edbed76f26105403edeaed39ad4e1586dc1bd0cf8fb066d5bb-8d8e61c2-7fc4-4f8a-a754-958da14fcc95.jpg', ' ', NULL, '', 2, 1563216165, '2019-07-15', 1563216165),
(1010, 1, 'media-share-0-02-04-7dfb940f6df30d85277798f4fba3deb8c8a893c2d21da0c1f691780209b8c699-93cfcd60-5111-4480-a26a-ff8a630adfb9.jpg', ' ', NULL, '', 2, 1563216166, '2019-07-15', 1563216166),
(1011, 1, 'media-share-0-02-04-370663f217758fc422f42d1974f38ac13674b439415bdc3ea3ec9258905842f4-0cc4146a-a415-4ca3-a198-a176fc8c8966.jpg', ' ', NULL, '', 2, 1563216427, '2019-07-15', 1563216428),
(1012, 1, 'media-share-0-02-04-616970d588fe92b2648570d7312266a71c91fedd85d19d8a153403e4afe728d1-f91e1e48-bc1b-41b2-985e-57ffe33cf2eb.jpg', ' ', NULL, '', 2, 1563216429, '2019-07-15', 1563216430),
(1013, 1, 'media-share-0-02-04-627095f4dee24e26b9e0f181c15a4d0f0b338bf06c008cc3dfc2dfd904c2a55b-39c424da-d191-4d36-b2b8-0418b03deeb9.jpg', ' ', NULL, '', 2, 1563216431, '2019-07-15', 1563216431),
(1014, 1, 'media-share-0-02-04-5202979f422e4b1a537fe9c29cca11d1a1019134b034d2bcb33409ba6c684820-254cf803-0266-42a5-86be-ec262ad69e6d.jpg', ' ', NULL, '', 2, 1563216433, '2019-07-15', 1563216433),
(1015, 1, 'media-share-0-02-04-6314892adea7571ab6cb5b47b96c9218d9043d37448480236b738f4570f2342c-0a2eb3d6-aba4-4951-8460-e46262da0096.jpg', ' ', NULL, '', 2, 1563216434, '2019-07-15', 1563216434),
(1016, 1, 'media-share-0-02-04-7353048bce7024cc16a094f0690de5319b25d2ec98b78b3e3e6562c7416bbaba-38401c20-6fb5-46f3-962c-3aa99929cb29.jpg', ' ', NULL, '', 2, 1563216436, '2019-07-15', 1563216436),
(1017, 1, 'media-share-0-02-04-7357299c2acd95eb73265ef2eefba48be5b90ed5ce31d5c10c4febdd4c148307-e2f0db22-60b8-40e3-80e4-1113427a176e.jpg', ' ', NULL, '', 2, 1563216438, '2019-07-15', 1563216438),
(1018, 1, 'media-share-0-02-04-8512503a39ea621d031edeb0024ffba3aeb445f2a3e8d501c527035a76cfbbce-4df8268e-1113-4235-bdca-136282e7f0f9.jpg', ' ', NULL, '', 2, 1563216441, '2019-07-15', 1563216441),
(1019, 1, 'media-share-0-02-04-16180781a32187345e88dcc80b91f7777f9ed230e0913708df78d15b24906e0e-bd471c38-aea0-4102-beb7-8ba249f54641.jpg', ' ', NULL, '', 2, 1563216442, '2019-07-15', 1563216442),
(1020, 1, 'media-share-0-02-04-16ea686447a9ec39b8f2bb27443ea97b4e39998bda63a79d832647eee246bac0-9869087c-e4ff-48ea-8b01-61eca514608e.jpg', ' ', NULL, '', 2, 1563216447, '2019-07-15', 1563216447),
(1021, 1, 'media-share-0-02-04-19ea10a9ca871558d4a2be83ab8309ce0878db7ad32485a224d0ded5105836aa-7440df2e-fbb1-402f-8a0b-ae8de0ef6ed8.jpg', ' ', NULL, '', 2, 1563216449, '2019-07-15', 1563216449),
(1022, 1, 'media-share-0-02-04-22f5c0dffe23ad9202ec3f78adedbdb2156de77213c7b1afe890fa66adc433fe-1f4d780e-1cfa-4ceb-823e-eaa591a7a86e.jpg', ' ', NULL, '', 2, 1563216450, '2019-07-15', 1563216450),
(1023, 1, 'media-share-0-02-04-24cdabed703fc684d8c1ece1af08866c80ccc87355cb56c7ccda59edb1531820-63930746-e410-44ca-8cdf-509f1d442979.jpg', ' ', NULL, '', 2, 1563216451, '2019-07-15', 1563216451),
(1024, 1, 'media-share-0-02-04-29d1d10de7945732a4700688d69a2cdcc50a8a4217351d84a4be8a17ebf1bca7-4ee89ef5-9dfc-4590-8c91-be2c187bb111.jpg', ' ', NULL, '', 2, 1563216453, '2019-07-15', 1563216453),
(1025, 1, 'media-share-0-02-04-034b184a4cdaa2dab3454be225906bd50b276a0267b2f212c9719f3c0c8bfda5-fbb342b0-9013-4592-bced-486df9051a64.jpg', ' ', NULL, '', 2, 1563216454, '2019-07-15', 1563216454),
(1026, 1, 'media-share-0-02-04-34c66c995871a39185e8efb205c199f048dcf9d7c97b2bc008349efe9a1edc4b-e7a992d7-5d0f-4754-baa6-3d17ec77be09.jpg', ' ', NULL, '', 2, 1563216456, '2019-07-15', 1563216456),
(1027, 1, 'media-share-0-02-04-34e68028879bc4d99684fb540a7af94544309da28e50015c874484d1a06bfcff-c3a3ba6d-3283-42b4-b566-47be48abe9d7.jpg', ' ', NULL, '', 2, 1563216458, '2019-07-15', 1563216458),
(1028, 1, 'media-share-0-02-04-38e63eadb18ea82bbd8f22619a8bf399a45e9cb25d219448a4df5cc199e61062-02dd1195-0641-42dd-8c6b-fac7440dbce6.jpg', ' ', NULL, '', 2, 1563216460, '2019-07-15', 1563216460),
(1029, 1, 'media-share-0-02-04-55e8e8e3d1a255bb906ecf770e1d1a923dfbbc0cc45dba4491e51229c2d09682-d0ab1d02-086b-45da-ba03-85ac8f7ef1c0.jpg', ' ', NULL, '', 2, 1563216461, '2019-07-15', 1563216461),
(1030, 1, 'media-share-0-02-04-61e19a23dbb2b27e9f7b8f99362d54e4bdc4d8bb8eed0e82a5d01d8229f018d0-adc13115-fcc4-4af6-95b5-9910ce409b0b.jpg', ' ', NULL, '', 2, 1563216463, '2019-07-15', 1563216463),
(1031, 1, 'media-share-0-02-04-66e98ae637ae9cb3c8b59e6b2de58c3d414d51e54b831b52d7d20cf5ca3ca435-baad56e1-0c5b-4022-ad06-6b798f375d19.jpg', ' ', NULL, '', 2, 1563216464, '2019-07-15', 1563216464),
(1032, 1, 'media-share-0-02-04-68ddf1db2bf32996b717703b19d270a3b055c58f9bec5c5f3a1510fbf0f81c1c-88c9a5e9-b745-4c08-a692-11366c742eec.jpg', ' ', NULL, '', 2, 1563216466, '2019-07-15', 1563216466),
(1033, 1, 'media-share-0-02-04-69cd267dc75bec8048a93837ccb765ff1a1dec9f7d6fab804249a1c759b1aff9-dee694e5-2505-4463-a9a3-f6a6029847c5.jpg', ' ', NULL, '', 2, 1563216467, '2019-07-15', 1563216467),
(1034, 1, 'media-share-0-02-04-69fded8c0dac63926e83abf01bf6cfb8faaa56274887af26386d705fb60c006b-6594c55b-f78e-4b47-8eb3-b998afde98f5.jpg', ' ', NULL, '', 2, 1563216469, '2019-07-15', 1563216469),
(1035, 1, 'media-share-0-02-04-74d4e743789b69467caad90eeec249c9cc78913ed986b972417504ec0bd6c583-c1e6d9de-9998-4092-b19d-1ae47076d50b.jpg', ' ', NULL, '', 2, 1563216470, '2019-07-15', 1563216470),
(1036, 1, 'media-share-0-02-04-77c7eb87fbff51b1310a7fc7c6b48f211c132b10959391464fd247a20c2ce98c-a925db8e-ef84-468c-a817-e120a78f3148.jpg', ' ', NULL, '', 2, 1563216471, '2019-07-15', 1563216471),
(1037, 1, 'media-share-0-02-04-77fb4f9a35775cdfa97eda35a191a62e4a2814ae3704b244ba11f8a84627212b-f568679e-eeb7-4cd0-a90f-39b14b7ab918.jpg', ' ', NULL, '', 2, 1563216473, '2019-07-15', 1563216473),
(1038, 1, 'media-share-0-02-04-85dd9124c0578dba1dae3c80a585f559c0b86dc0dceac300212802660699348b-9f69d6f9-6811-48ac-9472-469b1bbfc5ea.jpg', ' ', NULL, '', 2, 1563216475, '2019-07-15', 1563216475),
(1039, 1, 'media-share-0-02-04-90c45fadf2e636435303beb1355da56dc696d7f335857920952e56d7b16e2add-edfb0326-48d3-4425-bee1-897e2bd39465.jpg', ' ', NULL, '', 2, 1563216476, '2019-07-15', 1563216476),
(1040, 1, 'media-share-0-02-04-92cdd7193a1d6f4a80e3a47d71486fd973b8658f98e6358e2665254dae5bceba-e67335d5-f428-4eb5-9fa8-417042a101e0.jpg', ' ', NULL, '', 2, 1563216477, '2019-07-15', 1563216477),
(1041, 1, 'media-share-0-02-04-94faaaef47098f03b81dea04b2aa47dc4f907739d0aa1b8e657f0fc2ddade538-bc59f466-9ea1-40d3-87f2-8a4b67a6f4dc.jpg', ' ', NULL, '', 2, 1563216479, '2019-07-15', 1563216479),
(1042, 1, 'media-share-0-02-04-95fdad14ab6f72988aa6c8794280989fcde41b3c7dd58f3332fa0b7eb6851864-d8438694-9a44-48b6-99ae-f8bd69fbc975.jpg', ' ', NULL, '', 2, 1563216480, '2019-07-15', 1563216481),
(1043, 1, 'media-share-0-02-04-98d36a075861a6ffcea2e3c48efa749b3233ba40917aba515895ed82ec8b307e-c5b8fe17-96aa-4587-b334-88e934ab5829.jpg', ' ', NULL, '', 2, 1563216482, '2019-07-15', 1563216482),
(1044, 1, 'media-share-0-02-04-107e6b8ae4b7e6dfc8f4de984ece62ffb881c82cb09595918209ae08ece54e64-ef35c482-678e-4a22-bc8e-78a711deaf6a.jpg', ' ', NULL, '', 2, 1563216484, '2019-07-15', 1563216484),
(1045, 1, 'media-share-0-02-04-192ce5b550c1bba6f963ae0f175fb30cc17dcbbc141d26676eccf68618611334-8745f355-61ac-4b72-b47d-14d28890e92f.jpg', ' ', NULL, '', 2, 1563216486, '2019-07-15', 1563216486),
(1046, 1, 'media-share-0-02-04-201d676e8304ea032d899d06e474d9e15b9c472f6af36e8308e4be523c45126e-469ef858-2247-4abf-9587-439a57e3a028.jpg', ' ', NULL, '', 2, 1563216488, '2019-07-15', 1563216488),
(1047, 1, 'media-share-0-02-04-0245e35d55d2115ae32eb627d512cad7a0aedd27606f54a2c35b7c05e14ab229-20fa54a4-9e7c-4865-a9ee-8fc3b77cb0c2.jpg', ' ', NULL, '', 2, 1563216490, '2019-07-15', 1563216490),
(1048, 1, 'media-share-0-02-04-296cfad44a4ae59d58833853daf1248a26c3eb6dcbd2b9fa0493b9fec5841d79-f9ae5ea5-5e13-465d-9a3c-02f96e529613.jpg', ' ', NULL, '', 2, 1563216491, '2019-07-15', 1563216492),
(1049, 1, 'media-share-0-02-04-326ba5db4ba955f048cd6b5d15f70482866cb7a71e119a8a1f1c95a593f03310-9be4e7db-e42e-4418-bd25-6d29cd292369.jpg', ' ', NULL, '', 2, 1563216493, '2019-07-15', 1563216493),
(1050, 1, 'media-share-0-02-04-355e0a3f32642195d970543f205658f9c0ef097675fd9930fa183786191e02b1-dc528f17-369e-4aaf-8fb9-98d319f080b0.jpg', ' ', NULL, '', 2, 1563216495, '2019-07-15', 1563216496),
(1051, 1, 'media-share-0-02-04-356a3b7b1b3e6b45c7fcb8e39ad2e2e2505a30973186d8d57e92dc6b917342b7-4b388832-80cb-4252-8311-e4f98d6ecea2.jpg', ' ', NULL, '', 2, 1563216497, '2019-07-15', 1563216497),
(1052, 1, 'media-share-0-02-04-438c2ecbfe011321f9efbb5d82061f1b4d847d96206bb5e19c3cb4efad525b16-35d84dcd-a50d-4489-897d-18590942ca3d.jpg', ' ', NULL, '', 2, 1563216499, '2019-07-15', 1563216499),
(1053, 1, 'media-share-0-02-04-456c3cccc1a26349198a55aa8e7ed39ba65dcdf77137c5abf4a056f4427ef3c8-b314a625-9164-4daf-9c39-9e57175f97c7.jpg', ' ', NULL, '', 2, 1563216501, '2019-07-15', 1563216501),
(1054, 1, 'media-share-0-02-04-659e0d742cf452fc2c98a3c1514c5b4a4f33395482fd3395ef63ef0439684213-f8505817-f6c6-4eb6-8ea9-e84dbf0e9faf.jpg', ' ', NULL, '', 2, 1563216502, '2019-07-15', 1563216502),
(1055, 1, 'media-share-0-02-04-746f537bb662442a764ec2146a55eed9f013bda53f80f01c4e61734b1813c265-e1923d2e-257a-4409-85b1-5c9eae017292.jpg', ' ', NULL, '', 2, 1563216508, '2019-07-15', 1563216508),
(1056, 1, 'media-share-0-02-04-805a8aab7d853db998d9bc234fa543c878513f311977066859775af8d5ff4b37-063e01d7-228e-471d-8960-c2cf491bb421.jpg', ' ', NULL, '', 2, 1563216509, '2019-07-15', 1563216509),
(1057, 1, 'media-share-0-02-04-805b62a7ecd1c5b77fa167782915247c8296570b793a415fe833e5badf9c0329-1e17d33b-dc7b-4e2e-819e-f764550ea0dc.jpg', ' ', NULL, '', 2, 1563216511, '2019-07-15', 1563216511),
(1058, 1, 'media-share-0-02-04-914e34ce78c3fd3448d09841fdb919345900440877a72f29c41ede7363e8f0b5-82189557-fc1d-4505-ae86-0bebe6109419.jpg', ' ', NULL, '', 2, 1563216512, '2019-07-15', 1563216512),
(1059, 1, 'media-share-0-02-04-918e5a81d07f67e15ea31ac99072838006872d616c24da753e018781eb315b00-c900b091-23b5-4ee4-a8b1-cec9904825d7.jpg', ' ', NULL, '', 2, 1563216514, '2019-07-15', 1563216514),
(1060, 1, 'media-share-0-02-04-928e8c385a3d975377d5c38ada2baa627d391050c8e085ef80d2135e44bd523b-ca32a074-f151-4b29-8cd5-6b3e3a782ffc.jpg', ' ', NULL, '', 2, 1563216516, '2019-07-15', 1563216516),
(1061, 1, 'media-share-0-02-04-1342d52a7938b07fd282b62ec69e62499b7241503c26c7c74f705f9d712af3ae-18e8acd6-58da-49a3-837b-34e8f822c191.jpg', ' ', NULL, '', 2, 1563216517, '2019-07-15', 1563216517),
(1063, 1, 'media-share-0-02-04-5222defcba26744c9526b0ab7d395344815870c520545bbfe09b78038cc8e276-d8f6101e-ab6f-477d-9d53-698c95ba2043.jpg', ' ', NULL, '', 2, 1563216522, '2019-07-15', 1563216522),
(1064, 1, 'media-share-0-02-04-5820e133b22373ae0e5005552105ac35cf248006c30612deb535e35b3873ac68-5661cccb-5e0e-4dd2-9520-1d97a3e4a8b6.jpg', ' ', NULL, '', 2, 1563216523, '2019-07-15', 1563216523),
(1065, 1, 'media-share-0-02-04-7538f72f9e3684f4bb689fc1923ad1be07014623714274a7068363521bfada85-c31ef0da-aa7b-4ed1-a6f9-2379e1c788f8.jpg', ' ', NULL, '', 2, 1563216524, '2019-07-15', 1563216525),
(1066, 1, 'media-share-0-02-04-7576bf6a4a722a3ab3777a6262370de7a754656c94952f00e2d3463fe4c3d6b4-2a47e68c-e0b4-45cd-ac26-239fcab7c1c3.jpg', ' ', NULL, '', 2, 1563216526, '2019-07-15', 1563216526),
(1068, 1, 'media-share-0-02-04-08836b3bbc5028dea72edffef0d422368d2a57d75f60e53948d420e1ac7c574c-884fa4d2-aeed-41d0-afca-23c78a159fee.jpg', ' ', NULL, '', 2, 1563216533, '2019-07-15', 1563216533),
(1069, 1, 'media-share-0-02-04-8950fdee7d1d0b2bb2146951a5967b1bb65dfdcc6488952500dcf92452913769-b75cc22a-c0b0-4aa6-b3c8-b73d5c76c6b8.jpg', ' ', NULL, '', 2, 1563216534, '2019-07-15', 1563216534),
(1070, 1, 'media-share-0-02-04-9662a3449012ec5684889a87f6f0db553323d9edd31c69907946bd6fffed8b81-fd458f96-13ac-4afe-b71d-b4d467dbc9f7.jpg', ' ', NULL, '', 2, 1563216536, '2019-07-15', 1563216536),
(1071, 1, 'media-share-0-02-04-14864bd764ab767fd12fa13329cc791b3f47dd83f6faef3ca3b7f7a130873814-48bfb127-5f25-4bf9-b745-5dbb06765b9d.jpg', ' ', NULL, '', 2, 1563216537, '2019-07-15', 1563216537),
(1072, 1, 'media-share-0-02-04-25830c4e5594f6929e3ebe76187ba7326128eac8c6408950e1129a788218387b-83452273-3e1f-4dd4-bc12-54085e73ff06.jpg', ' ', NULL, '', 2, 1563216539, '2019-07-15', 1563216539),
(1073, 1, 'media-share-0-02-04-040107c3a5f1dc04bc723f93b99221f4c3a12dabea99c1bc483f3f540d1853a5-756b39a8-49ba-42bd-8e6c-80c5f2b355e7.jpg', ' ', NULL, '', 2, 1563216542, '2019-07-15', 1563216542),
(1074, 1, 'media-share-0-02-04-41768f3d3cb52e72f613d2f32df756cc31240a7ba4f670fead8afc978aa69664-7919ed8a-a154-480f-a0e0-d441897de189.jpg', ' ', NULL, '', 2, 1563216543, '2019-07-15', 1563216543),
(1075, 1, 'media-share-0-02-04-66037a6edbe6f9278ffbf434d6d4f4ef221496dfa89b61fc019ca37bc8652242-14d51de7-dbf0-4324-8470-ce8f62a2faeb.jpg', ' ', NULL, '', 2, 1563216545, '2019-07-15', 1563216545),
(1076, 1, 'media-share-0-02-04-81527a3081ac19543a734b9bae16ef8b12c90f052d9ab0262eaac174a0e59b93-e7050b5d-6f9c-40c9-b5be-7000dc4c8842.jpg', ' ', NULL, '', 2, 1563216546, '2019-07-15', 1563216546),
(1079, 1, 'media-share-0-02-04-335607ce37d1d7f48add6b9117474d4876afaac66c12c035365d65b977aa0241-7531925e-188b-4d23-938c-a2515f57a7c4.jpg', ' ', NULL, '', 2, 1563216551, '2019-07-15', 1563216551),
(1080, 1, 'mymobile 029.JPG', 'SONY DSC-W310', NULL, '', 1, 1439728433, '2015-08-16', 1563357231),
(1082, 1, '1563462817374-327559067.jpg', 'samsung SM-J320FN', NULL, 'Παραλία Αλίμου', 1, 1563462836, '2019-07-18', 1563462857),
(1083, 1, '15634633006531931557407.jpg', 'samsung SM-J320FN', 'πρώτη μέρα που χάρηκε τόσο τη θάλασσα ο Ανδρέας', 'Παραλία Αλίμου', 1, 1563463379, '2019-07-18', 1563463393),
(1085, 1, 'image-0-02-04-c0f109ac50125c73c61f03d63edf37d87d45a606e176a5bce5218eb3bb01368d-V (1).jpg', ' ', NULL, '', 2, 1563985507, '2019-07-24', 1563985507),
(1086, 1, 'image-0-02-05-1a7b2c4e4fe77b2bc0822efaccf214bfb5e733cd8b7f3c7e393f391782e516a1-V (1).jpg', ' ', NULL, '', 2, 1563985509, '2019-07-24', 1563985509),
(1087, 1, 'image-0-02-05-ed911ab4467870510cd76d938f1a1b8944f3d57296bbbb47aa5561301f1ed12f-V.jpg', ' ', NULL, '', 2, 1563985514, '2019-07-24', 1563985515),
(1088, 1, 'IMG-0e3899a1a639ccea7fceece84c2e29da-V.jpg', ' ', NULL, '', 2, 1563985516, '2019-07-24', 1563985516),
(1089, 1, 'IMG-6bcc99c44da1f6d17d92804f5a834c7f-V.jpg', 'samsung SM-J320FN', NULL, '', 2, 1512234699, '2017-12-02', 1563985518),
(1090, 1, 'IMG-9d19e4d2065d575906d41fd0e28b6096-V.jpg', ' ', NULL, '', 2, 1563985519, '2019-07-24', 1563985519),
(1091, 1, 'IMG-17a74a24f62e112cbe53aab7e988674c-V.jpg', ' ', NULL, '', 2, 1563985520, '2019-07-24', 1563985520),
(1092, 1, 'IMG-51e6e624ee7b60bbe4d50155b315e8f1-V.jpg', ' ', NULL, '', 2, 1563985522, '2019-07-24', 1563985522),
(1093, 1, 'IMG-c3316329bc0590fe3c6e4feb9906bb1b-V (1).jpg', 'samsung SM-J320FN', NULL, '', 2, 1512284940, '2017-12-03', 1563985523),
(1094, 1, 'IMG-cd8f3b1d91084b5f8e4d574322930b68-V.jpg', ' ', NULL, '', 2, 1563985525, '2019-07-24', 1563985525),
(1095, 1, 'IMG-de6bedfd9943f07bb0969c6c31c724c8-V.jpg', ' ', NULL, '', 2, 1563985526, '2019-07-24', 1563985526),
(1096, 1, 'IMG-fa073584a6723a90c16bb7d272f3ca4c-V.jpg', ' ', NULL, '', 2, 1563985528, '2019-07-24', 1563985528),
(1097, 1, 'media-share-0-02-04-a82c3021768f9e29b62c63f6b707729f3599e41e1b973717579bf269d1fda294-db0d8459-d96f-4e54-b605-3c381cc26671.jpg', ' ', NULL, '', 2, 1563985530, '2019-07-24', 1563985530),
(1098, 1, 'media-share-0-02-05-9fd15020e01a305090575609c319bdb2fee9e1d54c320b634f46045fe74f58fe-464f2377-7a36-4c67-9635-7e77d3a7c35e.jpg', ' ', NULL, '', 2, 1563985531, '2019-07-24', 1563985531),
(1099, 1, 'media-share-0-02-05-978a3215514fb3c99a4f138240c0114d3a1cc780de3e325edde70e89d7a5e3d9-87c006d6-d769-43fe-b9aa-9cf77b0c8f77 (1).jpg', ' ', NULL, '', 2, 1563985533, '2019-07-24', 1563985533),
(1100, 1, '20170804_201415.jpg', 'SAMSUNG SM-G361F', NULL, '', 2, 1501866854, '2017-08-04', 1563985534),
(1101, 1, 'agkalia (1).jpg', 'samsung SM-J320FN', NULL, '', 2, 1512234699, '2017-12-02', 1563985535),
(1102, 1, 'image-0-02-04-5b808c900a4a79df5ea95aba7d2299d9ad171bece4e3928b46bd1a8c48f33433-V.jpg', ' ', NULL, '', 2, 1563985537, '2019-07-24', 1563985537),
(1103, 1, 'viber image.jpg', ' ', NULL, 'ΑΟ Μύλωνας Ν. Σμύρνη', 1, 1563987375, '2019-07-24', 1563987375),
(1105, 1, 'καλλιοπη μπάνιο.jpg', ' ', NULL, '', 1, 1563987406, '2019-07-24', 1563987406),
(1106, 1, 'μπάνιο παιδιά.jpg', ' ', NULL, '', 1, 1563987407, '2019-07-24', 1563987408),
(1107, 1, '0-02-04-bc61917aaefacc82e17fc9a4f21c34ca2df350c9ddace23df2c56d21686ef836_full.jpg', ' ', NULL, 'Πλαζ Βουλιαγμένης', 1, 1563987431, '2019-07-24', 1563987431),
(1108, 1, 'IMG_20170215_191948.jpg', 'SAMSUNG SM-G361F', NULL, 'Ίδρυμα Νιάρχου', 1, 1563987593, '2019-07-24', 1563987594),
(1109, 1, 'IMG_20190717_191838_356.jpg', ' ', NULL, '', 2, 1564091707, '2019-07-26', 1564091707),
(1110, 1, 'IMG_20190710_194725_462.jpg', ' ', NULL, '', 2, 1564091723, '2019-07-26', 1564091723),
(1111, 1, '20190723_181751.jpg', 'samsung SM-J320FN', NULL, '', 1, 1563895071, '2019-07-23', 1564091845),
(1112, 1, '20190714_163644.jpg', 'samsung SM-J320FN', NULL, '', 1, 1563111404, '2019-07-14', 1564091907),
(1113, 1, '1564155717832-256109316.jpg', 'samsung SM-J320FN', NULL, 'Φιλίππου  Καλλιθέα Αττική', 1, 1564155729, '2019-07-26', 1564155762),
(1114, 1, '20190726_183845.jpg', 'samsung SM-J320FN', NULL, 'Φιλίππου  Καλλιθέα Αττική', 1, 1564155525, '2019-07-26', 1564155810),
(1115, 1, '11262019_951782924880588_1060367676_o.jpg', ' ', NULL, '', 1, 1436797920, '2015-07-13', 1564378348),
(1116, 1, '11265093_951783134880567_1942952420_o.jpg', ' ', NULL, '', 1, 1436797920, '2015-07-13', 1564378352),
(1117, 1, '11733804_951783258213888_1827416147_o.jpg', ' ', NULL, '', 1, 1436797920, '2015-07-13', 1564378352),
(1118, 1, '11746387_951781488214065_893456288_o.jpg', ' ', NULL, '', 1, 1436797920, '2015-07-13', 1564378354),
(1119, 1, '11746399_951781368214077_484416510_o.jpg', ' ', NULL, 'Ακτή Βουλιαγμένης', 1, 1436799120, '2015-07-13', 1564378355),
(1120, 1, '20190730_185812.jpg', 'samsung SM-J320FN', NULL, 'Τρίτωνος Αμφιθέα Παλαιό Φάληρο Αττική', 1, 1564502290, '2019-07-30', 1564512527);
INSERT INTO `media` (`id`, `uid`, `filename`, `camera`, `description`, `location`, `cat`, `taken`, `takend`, `created`) VALUES
(1121, 1, '20190730_164742.jpg', 'samsung SM-J320FN', NULL, 'Αμφιθέας Αμφιθέα Παλαιό Φάληρο Αττική', 1, 1564494461, '2019-07-30', 1564512635);

--
-- Indexes for dumped tables
--

--
-- Indexes for table `cat`
--
ALTER TABLE `cat`
  ADD PRIMARY KEY (`id`),
  ADD KEY `uid` (`uid`);

--
-- Indexes for table `globs`
--
ALTER TABLE `globs`
  ADD PRIMARY KEY (`id`),
  ADD UNIQUE KEY `name` (`name`);

--
-- Indexes for table `media`
--
ALTER TABLE `media`
  ADD PRIMARY KEY (`id`),
  ADD KEY `cat` (`cat`);

--
-- AUTO_INCREMENT for dumped tables
--

--
-- AUTO_INCREMENT for table `cat`
--
ALTER TABLE `cat`
  MODIFY `id` int(11) UNSIGNED NOT NULL AUTO_INCREMENT, AUTO_INCREMENT=4;

--
-- AUTO_INCREMENT for table `globs`
--
ALTER TABLE `globs`
  MODIFY `id` smallint(5) UNSIGNED NOT NULL AUTO_INCREMENT, AUTO_INCREMENT=247;

--
-- AUTO_INCREMENT for table `media`
--
ALTER TABLE `media`
  MODIFY `id` int(10) UNSIGNED NOT NULL AUTO_INCREMENT, AUTO_INCREMENT=1122;

--
-- Constraints for dumped tables
--

--
-- Constraints for table `cat`
--
ALTER TABLE `cat`
  ADD CONSTRAINT `cat_ibfk_1` FOREIGN KEY (`uid`) REFERENCES `gs_aimd5com`.`user` (`id`) ON DELETE CASCADE ON UPDATE CASCADE;

--
-- Constraints for table `media`
--
ALTER TABLE `media`
  ADD CONSTRAINT `media_ibfk_1` FOREIGN KEY (`cat`) REFERENCES `cat` (`id`) ON DELETE CASCADE ON UPDATE CASCADE;
COMMIT;

/*!40101 SET CHARACTER_SET_CLIENT=@OLD_CHARACTER_SET_CLIENT */;
/*!40101 SET CHARACTER_SET_RESULTS=@OLD_CHARACTER_SET_RESULTS */;
/*!40101 SET COLLATION_CONNECTION=@OLD_COLLATION_CONNECTION */;
